类型,前项,后项,来源说明
成语,一丝不苟,,chinese-xinhua成语数据；按当前800篇语料命中筛选
成语,一举一动,,chinese-xinhua成语数据；按当前800篇语料命中筛选
成语,一举两得,,chinese-xinhua成语数据；按当前800篇语料命中筛选
成语,一事无成,,chinese-xinhua成语数据；按当前800篇语料命中筛选
成语,一分耕耘，一分收获,,chinese-xinhua成语数据；按当前800篇语料命中筛选
成语,一塌糊涂,,chinese-xinhua成语数据；按当前800篇语料命中筛选
成语,一孔之见,,chinese-xinhua成语数据；按当前800篇语料命中筛选
成语,一字一句,,chinese-xinhua成语数据；按当前800篇语料命中筛选
成语,一家之言,,chinese-xinhua成语数据；按当前800篇语料命中筛选
成语,一寸光阴一寸金,,chinese-xinhua成语数据；按当前800篇语料命中筛选
成语,一尘不染,,chinese-xinhua成语数据；按当前800篇语料命中筛选
成语,一帆风顺,,chinese-xinhua成语数据；按当前800篇语料命中筛选
成语,一干二净,,chinese-xinhua成语数据；按当前800篇语料命中筛选
成语,一无所知,,chinese-xinhua成语数据；按当前800篇语料命中筛选
成语,一望无际,,chinese-xinhua成语数据；按当前800篇语料命中筛选
成语,一来二去,,chinese-xinhua成语数据；按当前800篇语料命中筛选
成语,一概而论,,chinese-xinhua成语数据；按当前800篇语料命中筛选
成语,一模一样,,chinese-xinhua成语数据；按当前800篇语料命中筛选
成语,一步一个脚印,,chinese-xinhua成语数据；按当前800篇语料命中筛选
成语,一步登天,,chinese-xinhua成语数据；按当前800篇语料命中筛选
成语,一气呵成,,chinese-xinhua成语数据；按当前800篇语料命中筛选
成语,一点一滴,,chinese-xinhua成语数据；按当前800篇语料命中筛选
成语,一片汪洋,,chinese-xinhua成语数据；按当前800篇语料命中筛选
成语,一目了然,,chinese-xinhua成语数据；按当前800篇语料命中筛选
成语,一落千丈,,chinese-xinhua成语数据；按当前800篇语料命中筛选
成语,一见如故,,chinese-xinhua成语数据；按当前800篇语料命中筛选
成语,一视同仁,,chinese-xinhua成语数据；按当前800篇语料命中筛选
成语,一触即发,,chinese-xinhua成语数据；按当前800篇语料命中筛选
成语,一言一行,,chinese-xinhua成语数据；按当前800篇语料命中筛选
成语,一言不发,,chinese-xinhua成语数据；按当前800篇语料命中筛选
成语,一语道破,,chinese-xinhua成语数据；按当前800篇语料命中筛选
成语,一蹴而就,,chinese-xinhua成语数据；按当前800篇语料命中筛选
成语,七手八脚,,chinese-xinhua成语数据；按当前800篇语料命中筛选
成语,万里长城,,chinese-xinhua成语数据；按当前800篇语料命中筛选
成语,万马奔腾,,chinese-xinhua成语数据；按当前800篇语料命中筛选
成语,三人行，必有我师,,chinese-xinhua成语数据；按当前800篇语料命中筛选
成语,三思而行,,chinese-xinhua成语数据；按当前800篇语料命中筛选
成语,上梁不正下梁歪,,chinese-xinhua成语数据；按当前800篇语料命中筛选
成语,下马威,,chinese-xinhua成语数据；按当前800篇语料命中筛选
成语,不亦乐乎,,chinese-xinhua成语数据；按当前800篇语料命中筛选
成语,不仁不义,,chinese-xinhua成语数据；按当前800篇语料命中筛选
成语,不以为然,,chinese-xinhua成语数据；按当前800篇语料命中筛选
成语,不以规矩，不成方圆,,chinese-xinhua成语数据；按当前800篇语料命中筛选
成语,不修边幅,,chinese-xinhua成语数据；按当前800篇语料命中筛选
成语,不假思索,,chinese-xinhua成语数据；按当前800篇语料命中筛选
成语,不务正业,,chinese-xinhua成语数据；按当前800篇语料命中筛选
成语,不厌其烦,,chinese-xinhua成语数据；按当前800篇语料命中筛选
成语,不可一世,,chinese-xinhua成语数据；按当前800篇语料命中筛选
成语,不可思议,,chinese-xinhua成语数据；按当前800篇语料命中筛选
成语,不可收拾,,chinese-xinhua成语数据；按当前800篇语料命中筛选
成语,不可磨灭,,chinese-xinhua成语数据；按当前800篇语料命中筛选
成语,不可言喻,,chinese-xinhua成语数据；按当前800篇语料命中筛选
成语,不在话下,,chinese-xinhua成语数据；按当前800篇语料命中筛选
成语,不堪设想,,chinese-xinhua成语数据；按当前800篇语料命中筛选
成语,不好意思,,chinese-xinhua成语数据；按当前800篇语料命中筛选
成语,不学无术,,chinese-xinhua成语数据；按当前800篇语料命中筛选
成语,不容置疑,,chinese-xinhua成语数据；按当前800篇语料命中筛选
成语,不屈不挠,,chinese-xinhua成语数据；按当前800篇语料命中筛选
成语,不屑一顾,,chinese-xinhua成语数据；按当前800篇语料命中筛选
成语,不得而知,,chinese-xinhua成语数据；按当前800篇语料命中筛选
成语,不择手段,,chinese-xinhua成语数据；按当前800篇语料命中筛选
成语,不欢而散,,chinese-xinhua成语数据；按当前800篇语料命中筛选
成语,不甘后人,,chinese-xinhua成语数据；按当前800篇语料命中筛选
成语,不由分说,,chinese-xinhua成语数据；按当前800篇语料命中筛选
成语,不由自主,,chinese-xinhua成语数据；按当前800篇语料命中筛选
成语,不留余地,,chinese-xinhua成语数据；按当前800篇语料命中筛选
成语,不知不觉,,chinese-xinhua成语数据；按当前800篇语料命中筛选
成语,不知所措,,chinese-xinhua成语数据；按当前800篇语料命中筛选
成语,不知所错,,chinese-xinhua成语数据；按当前800篇语料命中筛选
成语,不知轻重,,chinese-xinhua成语数据；按当前800篇语料命中筛选
成语,不约而同,,chinese-xinhua成语数据；按当前800篇语料命中筛选
成语,不胜枚举,,chinese-xinhua成语数据；按当前800篇语料命中筛选
成语,不苟言笑,,chinese-xinhua成语数据；按当前800篇语料命中筛选
成语,不虚此行,,chinese-xinhua成语数据；按当前800篇语料命中筛选
成语,不言不语,,chinese-xinhua成语数据；按当前800篇语料命中筛选
成语,不言而喻,,chinese-xinhua成语数据；按当前800篇语料命中筛选
成语,不计其数,,chinese-xinhua成语数据；按当前800篇语料命中筛选
成语,不辞劳苦,,chinese-xinhua成语数据；按当前800篇语料命中筛选
成语,不辞而别,,chinese-xinhua成语数据；按当前800篇语料命中筛选
成语,不远万里,,chinese-xinhua成语数据；按当前800篇语料命中筛选
成语,不闻不问,,chinese-xinhua成语数据；按当前800篇语料命中筛选
成语,不顾一切,,chinese-xinhua成语数据；按当前800篇语料命中筛选
成语,与世长辞,,chinese-xinhua成语数据；按当前800篇语料命中筛选
成语,与众不同,,chinese-xinhua成语数据；按当前800篇语料命中筛选
成语,世上无难事,,chinese-xinhua成语数据；按当前800篇语料命中筛选
成语,世态炎凉,,chinese-xinhua成语数据；按当前800篇语料命中筛选
成语,东奔西走,,chinese-xinhua成语数据；按当前800篇语料命中筛选
成语,东奔西跑,,chinese-xinhua成语数据；按当前800篇语料命中筛选
成语,东山再起,,chinese-xinhua成语数据；按当前800篇语料命中筛选
成语,东张西望,,chinese-xinhua成语数据；按当前800篇语料命中筛选
成语,严阵以待,,chinese-xinhua成语数据；按当前800篇语料命中筛选
成语,中庸之道,,chinese-xinhua成语数据；按当前800篇语料命中筛选
成语,丰功伟绩,,chinese-xinhua成语数据；按当前800篇语料命中筛选
成语,丰富多彩,,chinese-xinhua成语数据；按当前800篇语料命中筛选
成语,为人师表,,chinese-xinhua成语数据；按当前800篇语料命中筛选
成语,为所欲为,,chinese-xinhua成语数据；按当前800篇语料命中筛选
成语,为虎作伥,,chinese-xinhua成语数据；按当前800篇语料命中筛选
成语,举世闻名,,chinese-xinhua成语数据；按当前800篇语料命中筛选
成语,举手之劳,,chinese-xinhua成语数据；按当前800篇语料命中筛选
成语,举止言谈,,chinese-xinhua成语数据；按当前800篇语料命中筛选
成语,举足轻重,,chinese-xinhua成语数据；按当前800篇语料命中筛选
成语,义无反顾,,chinese-xinhua成语数据；按当前800篇语料命中筛选
成语,乌烟瘴气,,chinese-xinhua成语数据；按当前800篇语料命中筛选
成语,乐善好施,,chinese-xinhua成语数据；按当前800篇语料命中筛选
成语,乐而忘返,,chinese-xinhua成语数据；按当前800篇语料命中筛选
成语,乘风破浪,,chinese-xinhua成语数据；按当前800篇语料命中筛选
成语,习以为常,,chinese-xinhua成语数据；按当前800篇语料命中筛选
成语,书香门第,,chinese-xinhua成语数据；按当前800篇语料命中筛选
成语,争先恐后,,chinese-xinhua成语数据；按当前800篇语料命中筛选
成语,争强好胜,,chinese-xinhua成语数据；按当前800篇语料命中筛选
成语,事不关己,,chinese-xinhua成语数据；按当前800篇语料命中筛选
成语,事不关己，高高挂起,,chinese-xinhua成语数据；按当前800篇语料命中筛选
成语,二者不可得兼,,chinese-xinhua成语数据；按当前800篇语料命中筛选
成语,二话不说,,chinese-xinhua成语数据；按当前800篇语料命中筛选
成语,于事无补,,chinese-xinhua成语数据；按当前800篇语料命中筛选
成语,五体投地,,chinese-xinhua成语数据；按当前800篇语料命中筛选
成语,五彩缤纷,,chinese-xinhua成语数据；按当前800篇语料命中筛选
成语,五花八门,,chinese-xinhua成语数据；按当前800篇语料命中筛选
成语,五颜六色,,chinese-xinhua成语数据；按当前800篇语料命中筛选
成语,井井有条,,chinese-xinhua成语数据；按当前800篇语料命中筛选
成语,井然有条,,chinese-xinhua成语数据；按当前800篇语料命中筛选
成语,亦步亦趋,,chinese-xinhua成语数据；按当前800篇语料命中筛选
成语,亲密无间,,chinese-xinhua成语数据；按当前800篇语料命中筛选
成语,人之常情,,chinese-xinhua成语数据；按当前800篇语料命中筛选
成语,人人皆知,,chinese-xinhua成语数据；按当前800篇语料命中筛选
成语,人以群分,,chinese-xinhua成语数据；按当前800篇语料命中筛选
成语,人山人海,,chinese-xinhua成语数据；按当前800篇语料命中筛选
成语,人来人往,,chinese-xinhua成语数据；按当前800篇语料命中筛选
成语,人生自古谁无死,,chinese-xinhua成语数据；按当前800篇语料命中筛选
成语,人非草木,,chinese-xinhua成语数据；按当前800篇语料命中筛选
成语,仁者见仁，智者见智,,chinese-xinhua成语数据；按当前800篇语料命中筛选
成语,从善如流,,chinese-xinhua成语数据；按当前800篇语料命中筛选
成语,以偏概全,,chinese-xinhua成语数据；按当前800篇语料命中筛选
成语,以德报怨,,chinese-xinhua成语数据；按当前800篇语料命中筛选
成语,以德服人,,chinese-xinhua成语数据；按当前800篇语料命中筛选
成语,以礼相待,,chinese-xinhua成语数据；按当前800篇语料命中筛选
成语,以身作则,,chinese-xinhua成语数据；按当前800篇语料命中筛选
成语,任重道远,,chinese-xinhua成语数据；按当前800篇语料命中筛选
成语,众所周知,,chinese-xinhua成语数据；按当前800篇语料命中筛选
成语,传道受业,,chinese-xinhua成语数据；按当前800篇语料命中筛选
成语,伤风败俗,,chinese-xinhua成语数据；按当前800篇语料命中筛选
成语,似懂非懂,,chinese-xinhua成语数据；按当前800篇语料命中筛选
成语,低声下气,,chinese-xinhua成语数据；按当前800篇语料命中筛选
成语,何乐而不为,,chinese-xinhua成语数据；按当前800篇语料命中筛选
成语,何去何从,,chinese-xinhua成语数据；按当前800篇语料命中筛选
成语,何必当初,,chinese-xinhua成语数据；按当前800篇语料命中筛选
成语,侃侃而谈,,chinese-xinhua成语数据；按当前800篇语料命中筛选
成语,依依不舍,,chinese-xinhua成语数据；按当前800篇语料命中筛选
成语,倾家荡产,,chinese-xinhua成语数据；按当前800篇语料命中筛选
成语,假公济私,,chinese-xinhua成语数据；按当前800篇语料命中筛选
成语,假惺惺,,chinese-xinhua成语数据；按当前800篇语料命中筛选
成语,停滞不前,,chinese-xinhua成语数据；按当前800篇语料命中筛选
成语,健步如飞,,chinese-xinhua成语数据；按当前800篇语料命中筛选
成语,光彩夺目,,chinese-xinhua成语数据；按当前800篇语料命中筛选
成语,光阴似箭,,chinese-xinhua成语数据；按当前800篇语料命中筛选
成语,克勤克俭,,chinese-xinhua成语数据；按当前800篇语料命中筛选
成语,入乡随俗,,chinese-xinhua成语数据；按当前800篇语料命中筛选
成语,全力以赴,,chinese-xinhua成语数据；按当前800篇语料命中筛选
成语,全心全意,,chinese-xinhua成语数据；按当前800篇语料命中筛选
成语,八方支援,,chinese-xinhua成语数据；按当前800篇语料命中筛选
成语,八面玲珑,,chinese-xinhua成语数据；按当前800篇语料命中筛选
成语,公正无私,,chinese-xinhua成语数据；按当前800篇语料命中筛选
成语,公而忘私,,chinese-xinhua成语数据；按当前800篇语料命中筛选
成语,六神无主,,chinese-xinhua成语数据；按当前800篇语料命中筛选
成语,兴致勃勃,,chinese-xinhua成语数据；按当前800篇语料命中筛选
成语,兴高采烈,,chinese-xinhua成语数据；按当前800篇语料命中筛选
成语,再接再厉,,chinese-xinhua成语数据；按当前800篇语料命中筛选
成语,冰天雪地,,chinese-xinhua成语数据；按当前800篇语料命中筛选
成语,冰清玉洁,,chinese-xinhua成语数据；按当前800篇语料命中筛选
成语,决一死战,,chinese-xinhua成语数据；按当前800篇语料命中筛选
成语,冷暖自知,,chinese-xinhua成语数据；按当前800篇语料命中筛选
成语,冷眼旁观,,chinese-xinhua成语数据；按当前800篇语料命中筛选
成语,出乎意料,,chinese-xinhua成语数据；按当前800篇语料命中筛选
成语,出人头地,,chinese-xinhua成语数据；按当前800篇语料命中筛选
成语,出人意料,,chinese-xinhua成语数据；按当前800篇语料命中筛选
成语,出其不意,,chinese-xinhua成语数据；按当前800篇语料命中筛选
成语,出类拔萃,,chinese-xinhua成语数据；按当前800篇语料命中筛选
成语,分久必合，合久必分,,chinese-xinhua成语数据；按当前800篇语料命中筛选
成语,分内之事,,chinese-xinhua成语数据；按当前800篇语料命中筛选
成语,分崩离析,,chinese-xinhua成语数据；按当前800篇语料命中筛选
成语,分毫不差,,chinese-xinhua成语数据；按当前800篇语料命中筛选
成语,分道扬镳,,chinese-xinhua成语数据；按当前800篇语料命中筛选
成语,切肤之痛,,chinese-xinhua成语数据；按当前800篇语料命中筛选
成语,刚正不阿,,chinese-xinhua成语数据；按当前800篇语料命中筛选
成语,初出茅庐,,chinese-xinhua成语数据；按当前800篇语料命中筛选
成语,判若两人,,chinese-xinhua成语数据；按当前800篇语料命中筛选
成语,别具一格,,chinese-xinhua成语数据；按当前800篇语料命中筛选
成语,别出心裁,,chinese-xinhua成语数据；按当前800篇语料命中筛选
成语,刻苦耐劳,,chinese-xinhua成语数据；按当前800篇语料命中筛选
成语,刻骨铭心,,chinese-xinhua成语数据；按当前800篇语料命中筛选
成语,前事不忘，后事之师,,chinese-xinhua成语数据；按当前800篇语料命中筛选
成语,前仰后合,,chinese-xinhua成语数据；按当前800篇语料命中筛选
成语,前所未有,,chinese-xinhua成语数据；按当前800篇语料命中筛选
成语,力所能及,,chinese-xinhua成语数据；按当前800篇语料命中筛选
成语,力挽狂澜,,chinese-xinhua成语数据；按当前800篇语料命中筛选
成语,功亏一篑,,chinese-xinhua成语数据；按当前800篇语料命中筛选
成语,动荡不安,,chinese-xinhua成语数据；按当前800篇语料命中筛选
成语,助人为乐,,chinese-xinhua成语数据；按当前800篇语料命中筛选
成语,劳逸结合,,chinese-xinhua成语数据；按当前800篇语料命中筛选
成语,勇往直前,,chinese-xinhua成语数据；按当前800篇语料命中筛选
成语,化为乌有,,chinese-xinhua成语数据；按当前800篇语料命中筛选
成语,化干戈为玉帛,,chinese-xinhua成语数据；按当前800篇语料命中筛选
成语,化险为夷,,chinese-xinhua成语数据；按当前800篇语料命中筛选
成语,匹夫有责,,chinese-xinhua成语数据；按当前800篇语料命中筛选
成语,十万火急,,chinese-xinhua成语数据；按当前800篇语料命中筛选
成语,十之八九,,chinese-xinhua成语数据；按当前800篇语料命中筛选
成语,十全十美,,chinese-xinhua成语数据；按当前800篇语料命中筛选
成语,十字路口,,chinese-xinhua成语数据；按当前800篇语料命中筛选
成语,十年寒窗,,chinese-xinhua成语数据；按当前800篇语料命中筛选
成语,十有八九,,chinese-xinhua成语数据；按当前800篇语料命中筛选
成语,千叮万嘱,,chinese-xinhua成语数据；按当前800篇语料命中筛选
成语,千姿百态,,chinese-xinhua成语数据；按当前800篇语料命中筛选
成语,千山万水,,chinese-xinhua成语数据；按当前800篇语料命中筛选
成语,千方百计,,chinese-xinhua成语数据；按当前800篇语料命中筛选
成语,千真万确,,chinese-xinhua成语数据；按当前800篇语料命中筛选
成语,千钧一发,,chinese-xinhua成语数据；按当前800篇语料命中筛选
成语,半途而废,,chinese-xinhua成语数据；按当前800篇语料命中筛选
成语,卑躬屈膝,,chinese-xinhua成语数据；按当前800篇语料命中筛选
成语,单枪匹马,,chinese-xinhua成语数据；按当前800篇语料命中筛选
成语,博古通今,,chinese-xinhua成语数据；按当前800篇语料命中筛选
成语,博采众长,,chinese-xinhua成语数据；按当前800篇语料命中筛选
成语,历历在目,,chinese-xinhua成语数据；按当前800篇语料命中筛选
成语,原来如此,,chinese-xinhua成语数据；按当前800篇语料命中筛选
成语,发奋图强,,chinese-xinhua成语数据；按当前800篇语料命中筛选
成语,发扬光大,,chinese-xinhua成语数据；按当前800篇语料命中筛选
成语,受宠若惊,,chinese-xinhua成语数据；按当前800篇语料命中筛选
成语,变幻莫测,,chinese-xinhua成语数据；按当前800篇语料命中筛选
成语,变本加厉,,chinese-xinhua成语数据；按当前800篇语料命中筛选
成语,口是心非,,chinese-xinhua成语数据；按当前800篇语料命中筛选
成语,古往今来,,chinese-xinhua成语数据；按当前800篇语料命中筛选
成语,另起炉灶,,chinese-xinhua成语数据；按当前800篇语料命中筛选
成语,可乘之机,,chinese-xinhua成语数据；按当前800篇语料命中筛选
成语,可想而知,,chinese-xinhua成语数据；按当前800篇语料命中筛选
成语,叹为观止,,chinese-xinhua成语数据；按当前800篇语料命中筛选
成语,吃苦耐劳,,chinese-xinhua成语数据；按当前800篇语料命中筛选
成语,吃软不吃硬,,chinese-xinhua成语数据；按当前800篇语料命中筛选
成语,同甘共苦,,chinese-xinhua成语数据；按当前800篇语料命中筛选
成语,名不虚传,,chinese-xinhua成语数据；按当前800篇语料命中筛选
成语,名副其实,,chinese-xinhua成语数据；按当前800篇语料命中筛选
成语,名符其实,,chinese-xinhua成语数据；按当前800篇语料命中筛选
成语,名胜古迹,,chinese-xinhua成语数据；按当前800篇语料命中筛选
成语,名落孙山,,chinese-xinhua成语数据；按当前800篇语料命中筛选
成语,后悔不及,,chinese-xinhua成语数据；按当前800篇语料命中筛选
成语,后顾之忧,,chinese-xinhua成语数据；按当前800篇语料命中筛选
成语,吞吞吐吐,,chinese-xinhua成语数据；按当前800篇语料命中筛选
成语,含辛茹苦,,chinese-xinhua成语数据；按当前800篇语料命中筛选
成语,周而复始,,chinese-xinhua成语数据；按当前800篇语料命中筛选
成语,和睦相处,,chinese-xinhua成语数据；按当前800篇语料命中筛选
成语,和蔼可亲,,chinese-xinhua成语数据；按当前800篇语料命中筛选
成语,哄堂大笑,,chinese-xinhua成语数据；按当前800篇语料命中筛选
成语,唯命是从,,chinese-xinhua成语数据；按当前800篇语料命中筛选
成语,唯我独尊,,chinese-xinhua成语数据；按当前800篇语料命中筛选
成语,善罢甘休,,chinese-xinhua成语数据；按当前800篇语料命中筛选
成语,喋喋不休,,chinese-xinhua成语数据；按当前800篇语料命中筛选
成语,喜怒哀乐,,chinese-xinhua成语数据；按当前800篇语料命中筛选
成语,嗷嗷待哺,,chinese-xinhua成语数据；按当前800篇语料命中筛选
成语,四通八达,,chinese-xinhua成语数据；按当前800篇语料命中筛选
成语,回味无穷,,chinese-xinhua成语数据；按当前800篇语料命中筛选
成语,因材施教,,chinese-xinhua成语数据；按当前800篇语料命中筛选
成语,团团转,,chinese-xinhua成语数据；按当前800篇语料命中筛选
成语,国泰民安,,chinese-xinhua成语数据；按当前800篇语料命中筛选
成语,土生土长,,chinese-xinhua成语数据；按当前800篇语料命中筛选
成语,在天之灵,,chinese-xinhua成语数据；按当前800篇语料命中筛选
成语,地大物博,,chinese-xinhua成语数据；按当前800篇语料命中筛选
成语,坐立不安,,chinese-xinhua成语数据；按当前800篇语料命中筛选
成语,坚定不移,,chinese-xinhua成语数据；按当前800篇语料命中筛选
成语,坚持不懈,,chinese-xinhua成语数据；按当前800篇语料命中筛选
成语,垂头丧气,,chinese-xinhua成语数据；按当前800篇语料命中筛选
成语,埋头苦干,,chinese-xinhua成语数据；按当前800篇语料命中筛选
成语,堂堂正正,,chinese-xinhua成语数据；按当前800篇语料命中筛选
成语,堆积如山,,chinese-xinhua成语数据；按当前800篇语料命中筛选
成语,多才多艺,,chinese-xinhua成语数据；按当前800篇语料命中筛选
成语,多灾多难,,chinese-xinhua成语数据；按当前800篇语料命中筛选
成语,多管闲事,,chinese-xinhua成语数据；按当前800篇语料命中筛选
成语,多难兴邦,,chinese-xinhua成语数据；按当前800篇语料命中筛选
成语,大发雷霆,,chinese-xinhua成语数据；按当前800篇语料命中筛选
成语,大吃一惊,,chinese-xinhua成语数据；按当前800篇语料命中筛选
成语,大同小异,,chinese-xinhua成语数据；按当前800篇语料命中筛选
成语,大喊大叫,,chinese-xinhua成语数据；按当前800篇语料命中筛选
成语,大开眼界,,chinese-xinhua成语数据；按当前800篇语料命中筛选
成语,大摇大摆,,chinese-xinhua成语数据；按当前800篇语料命中筛选
成语,大禹治水,,chinese-xinhua成语数据；按当前800篇语料命中筛选
成语,大街小巷,,chinese-xinhua成语数据；按当前800篇语料命中筛选
成语,大错特错,,chinese-xinhua成语数据；按当前800篇语料命中筛选
成语,大难临头,,chinese-xinhua成语数据；按当前800篇语料命中筛选
成语,大雅之堂,,chinese-xinhua成语数据；按当前800篇语料命中筛选
成语,大雨倾盆,,chinese-xinhua成语数据；按当前800篇语料命中筛选
成语,天不怕，地不怕,,chinese-xinhua成语数据；按当前800篇语料命中筛选
成语,天伦之乐,,chinese-xinhua成语数据；按当前800篇语料命中筛选
成语,天公地道,,chinese-xinhua成语数据；按当前800篇语料命中筛选
成语,天南地北,,chinese-xinhua成语数据；按当前800篇语料命中筛选
成语,天壤之别,,chinese-xinhua成语数据；按当前800篇语料命中筛选
成语,天有不测风云,,chinese-xinhua成语数据；按当前800篇语料命中筛选
成语,天真烂漫,,chinese-xinhua成语数据；按当前800篇语料命中筛选
成语,天马行空,,chinese-xinhua成语数据；按当前800篇语料命中筛选
成语,太平盛世,,chinese-xinhua成语数据；按当前800篇语料命中筛选
成语,头昏眼花,,chinese-xinhua成语数据；按当前800篇语料命中筛选
成语,夸夸其谈,,chinese-xinhua成语数据；按当前800篇语料命中筛选
成语,奇形怪状,,chinese-xinhua成语数据；按当前800篇语料命中筛选
成语,奉公克己,,chinese-xinhua成语数据；按当前800篇语料命中筛选
成语,奋笔疾书,,chinese-xinhua成语数据；按当前800篇语料命中筛选
成语,女娲补天,,chinese-xinhua成语数据；按当前800篇语料命中筛选
成语,好吃懒做,,chinese-xinhua成语数据；按当前800篇语料命中筛选
成语,好好先生,,chinese-xinhua成语数据；按当前800篇语料命中筛选
成语,如愿以偿,,chinese-xinhua成语数据；按当前800篇语料命中筛选
成语,如痴如醉,,chinese-xinhua成语数据；按当前800篇语料命中筛选
成语,如鱼饮水，冷暖自知,,chinese-xinhua成语数据；按当前800篇语料命中筛选
成语,妇孺皆知,,chinese-xinhua成语数据；按当前800篇语料命中筛选
成语,姹紫嫣红,,chinese-xinhua成语数据；按当前800篇语料命中筛选
成语,娇生惯养,,chinese-xinhua成语数据；按当前800篇语料命中筛选
成语,字里行间,,chinese-xinhua成语数据；按当前800篇语料命中筛选
成语,孜孜不倦,,chinese-xinhua成语数据；按当前800篇语料命中筛选
成语,孟母三迁,,chinese-xinhua成语数据；按当前800篇语料命中筛选
成语,孤注一掷,,chinese-xinhua成语数据；按当前800篇语料命中筛选
成语,孤苦伶仃,,chinese-xinhua成语数据；按当前800篇语料命中筛选
成语,学无止境,,chinese-xinhua成语数据；按当前800篇语料命中筛选
成语,学而不厌,,chinese-xinhua成语数据；按当前800篇语料命中筛选
成语,安于现状,,chinese-xinhua成语数据；按当前800篇语料命中筛选
成语,安家落户,,chinese-xinhua成语数据；按当前800篇语料命中筛选
成语,安居乐业,,chinese-xinhua成语数据；按当前800篇语料命中筛选
成语,安然无事,,chinese-xinhua成语数据；按当前800篇语料命中筛选
成语,安身立命,,chinese-xinhua成语数据；按当前800篇语料命中筛选
成语,安邦定国,,chinese-xinhua成语数据；按当前800篇语料命中筛选
成语,完美无缺,,chinese-xinhua成语数据；按当前800篇语料命中筛选
成语,实事求是,,chinese-xinhua成语数据；按当前800篇语料命中筛选
成语,客死他乡,,chinese-xinhua成语数据；按当前800篇语料命中筛选
成语,家书抵万金,,chinese-xinhua成语数据；按当前800篇语料命中筛选
成语,家喻户晓,,chinese-xinhua成语数据；按当前800篇语料命中筛选
成语,家家户户,,chinese-xinhua成语数据；按当前800篇语料命中筛选
成语,家破人亡,,chinese-xinhua成语数据；按当前800篇语料命中筛选
成语,家贫如洗,,chinese-xinhua成语数据；按当前800篇语料命中筛选
成语,宽以待人,,chinese-xinhua成语数据；按当前800篇语料命中筛选
成语,宽宏大量,,chinese-xinhua成语数据；按当前800篇语料命中筛选
成语,富丽堂皇,,chinese-xinhua成语数据；按当前800篇语料命中筛选
成语,对牛弹琴,,chinese-xinhua成语数据；按当前800篇语料命中筛选
成语,将信将疑,,chinese-xinhua成语数据；按当前800篇语料命中筛选
成语,将心比心,,chinese-xinhua成语数据；按当前800篇语料命中筛选
成语,小巧玲珑,,chinese-xinhua成语数据；按当前800篇语料命中筛选
成语,小康之家,,chinese-xinhua成语数据；按当前800篇语料命中筛选
成语,小心翼翼,,chinese-xinhua成语数据；按当前800篇语料命中筛选
成语,小肚鸡肠,,chinese-xinhua成语数据；按当前800篇语料命中筛选
成语,尽善尽美,,chinese-xinhua成语数据；按当前800篇语料命中筛选
成语,尽如人意,,chinese-xinhua成语数据；按当前800篇语料命中筛选
成语,尽心尽力,,chinese-xinhua成语数据；按当前800篇语料命中筛选
成语,居安思危,,chinese-xinhua成语数据；按当前800篇语料命中筛选
成语,屡见不鲜,,chinese-xinhua成语数据；按当前800篇语料命中筛选
成语,山重水复,,chinese-xinhua成语数据；按当前800篇语料命中筛选
成语,川流不息,,chinese-xinhua成语数据；按当前800篇语料命中筛选
成语,左右为难,,chinese-xinhua成语数据；按当前800篇语料命中筛选
成语,常胜将军,,chinese-xinhua成语数据；按当前800篇语料命中筛选
成语,平淡无奇,,chinese-xinhua成语数据；按当前800篇语料命中筛选
成语,年复一年,,chinese-xinhua成语数据；按当前800篇语料命中筛选
成语,幸灾乐祸,,chinese-xinhua成语数据；按当前800篇语料命中筛选
成语,应有尽有,,chinese-xinhua成语数据；按当前800篇语料命中筛选
成语,度日如年,,chinese-xinhua成语数据；按当前800篇语料命中筛选
成语,延年益寿,,chinese-xinhua成语数据；按当前800篇语料命中筛选
成语,开卷有益,,chinese-xinhua成语数据；按当前800篇语料命中筛选
成语,开天辟地,,chinese-xinhua成语数据；按当前800篇语料命中筛选
成语,异口同声,,chinese-xinhua成语数据；按当前800篇语料命中筛选
成语,引人注目,,chinese-xinhua成语数据；按当前800篇语料命中筛选
成语,弥留之际,,chinese-xinhua成语数据；按当前800篇语料命中筛选
成语,弹丸之地,,chinese-xinhua成语数据；按当前800篇语料命中筛选
成语,当仁不让,,chinese-xinhua成语数据；按当前800篇语料命中筛选
成语,当务之急,,chinese-xinhua成语数据；按当前800篇语料命中筛选
成语,当头棒喝,,chinese-xinhua成语数据；按当前800篇语料命中筛选
成语,当局者迷,,chinese-xinhua成语数据；按当前800篇语料命中筛选
成语,当耳边风,,chinese-xinhua成语数据；按当前800篇语料命中筛选
成语,形影不离,,chinese-xinhua成语数据；按当前800篇语料命中筛选
成语,彬彬有礼,,chinese-xinhua成语数据；按当前800篇语料命中筛选
成语,待人接物,,chinese-xinhua成语数据；按当前800篇语料命中筛选
成语,徇私枉法,,chinese-xinhua成语数据；按当前800篇语料命中筛选
成语,循循善诱,,chinese-xinhua成语数据；按当前800篇语料命中筛选
成语,微不足道,,chinese-xinhua成语数据；按当前800篇语料命中筛选
成语,心不在焉,,chinese-xinhua成语数据；按当前800篇语料命中筛选
成语,心安理得,,chinese-xinhua成语数据；按当前800篇语料命中筛选
成语,心心相印,,chinese-xinhua成语数据；按当前800篇语料命中筛选
成语,心惊肉跳,,chinese-xinhua成语数据；按当前800篇语料命中筛选
成语,心无旁骛,,chinese-xinhua成语数据；按当前800篇语料命中筛选
成语,心旷神怡,,chinese-xinhua成语数据；按当前800篇语料命中筛选
成语,心有余而力不足,,chinese-xinhua成语数据；按当前800篇语料命中筛选
成语,心满意足,,chinese-xinhua成语数据；按当前800篇语料命中筛选
成语,心潮澎湃,,chinese-xinhua成语数据；按当前800篇语料命中筛选
成语,心灵手巧,,chinese-xinhua成语数据；按当前800篇语料命中筛选
成语,心甘情愿,,chinese-xinhua成语数据；按当前800篇语料命中筛选
成语,心血来潮,,chinese-xinhua成语数据；按当前800篇语料命中筛选
成语,忍无可忍,,chinese-xinhua成语数据；按当前800篇语料命中筛选
成语,忙忙碌碌,,chinese-xinhua成语数据；按当前800篇语料命中筛选
成语,怀恨在心,,chinese-xinhua成语数据；按当前800篇语料命中筛选
成语,怒发冲冠,,chinese-xinhua成语数据；按当前800篇语料命中筛选
成语,怡然自得,,chinese-xinhua成语数据；按当前800篇语料命中筛选
成语,怨天尤人,,chinese-xinhua成语数据；按当前800篇语料命中筛选
成语,总而言之,,chinese-xinhua成语数据；按当前800篇语料命中筛选
成语,恨之入骨,,chinese-xinhua成语数据；按当前800篇语料命中筛选
成语,恨铁不成钢,,chinese-xinhua成语数据；按当前800篇语料命中筛选
成语,恶性循环,,chinese-xinhua成语数据；按当前800篇语料命中筛选
成语,恻隐之心,,chinese-xinhua成语数据；按当前800篇语料命中筛选
成语,悬崖峭壁,,chinese-xinhua成语数据；按当前800篇语料命中筛选
成语,情不自禁,,chinese-xinhua成语数据；按当前800篇语料命中筛选
成语,情深义重,,chinese-xinhua成语数据；按当前800篇语料命中筛选
成语,情窦初开,,chinese-xinhua成语数据；按当前800篇语料命中筛选
成语,惊天动地,,chinese-xinhua成语数据；按当前800篇语料命中筛选
成语,惊心动魄,,chinese-xinhua成语数据；按当前800篇语料命中筛选
成语,惊惶失措,,chinese-xinhua成语数据；按当前800篇语料命中筛选
成语,惟妙惟肖,,chinese-xinhua成语数据；按当前800篇语料命中筛选
成语,惨不忍睹,,chinese-xinhua成语数据；按当前800篇语料命中筛选
成语,惨无人道,,chinese-xinhua成语数据；按当前800篇语料命中筛选
成语,想方设法,,chinese-xinhua成语数据；按当前800篇语料命中筛选
成语,愁云惨淡,,chinese-xinhua成语数据；按当前800篇语料命中筛选
成语,愁眉苦脸,,chinese-xinhua成语数据；按当前800篇语料命中筛选
成语,意味深长,,chinese-xinhua成语数据；按当前800篇语料命中筛选
成语,意想不到,,chinese-xinhua成语数据；按当前800篇语料命中筛选
成语,意料之外,,chinese-xinhua成语数据；按当前800篇语料命中筛选
成语,意气用事,,chinese-xinhua成语数据；按当前800篇语料命中筛选
成语,愤世嫉俗,,chinese-xinhua成语数据；按当前800篇语料命中筛选
成语,愤愤不平,,chinese-xinhua成语数据；按当前800篇语料命中筛选
成语,慢条斯理,,chinese-xinhua成语数据；按当前800篇语料命中筛选
成语,懵懵懂懂,,chinese-xinhua成语数据；按当前800篇语料命中筛选
成语,成家立业,,chinese-xinhua成语数据；按当前800篇语料命中筛选
成语,我行我素,,chinese-xinhua成语数据；按当前800篇语料命中筛选
成语,战战兢兢,,chinese-xinhua成语数据；按当前800篇语料命中筛选
成语,截然不同,,chinese-xinhua成语数据；按当前800篇语料命中筛选
成语,所作所为,,chinese-xinhua成语数据；按当前800篇语料命中筛选
成语,所见所闻,,chinese-xinhua成语数据；按当前800篇语料命中筛选
成语,手下留情,,chinese-xinhua成语数据；按当前800篇语料命中筛选
成语,手忙脚乱,,chinese-xinhua成语数据；按当前800篇语料命中筛选
成语,才华横溢,,chinese-xinhua成语数据；按当前800篇语料命中筛选
成语,打肿脸充胖子,,chinese-xinhua成语数据；按当前800篇语料命中筛选
成语,打退堂鼓,,chinese-xinhua成语数据；按当前800篇语料命中筛选
成语,扣人心弦,,chinese-xinhua成语数据；按当前800篇语料命中筛选
成语,扬眉吐气,,chinese-xinhua成语数据；按当前800篇语料命中筛选
成语,披星戴月,,chinese-xinhua成语数据；按当前800篇语料命中筛选
成语,披荆斩棘,,chinese-xinhua成语数据；按当前800篇语料命中筛选
成语,抱不平,,chinese-xinhua成语数据；按当前800篇语料命中筛选
成语,抽抽搭搭,,chinese-xinhua成语数据；按当前800篇语料命中筛选
成语,拼死拼活,,chinese-xinhua成语数据；按当前800篇语料命中筛选
成语,拾金不昧,,chinese-xinhua成语数据；按当前800篇语料命中筛选
成语,拿手好戏,,chinese-xinhua成语数据；按当前800篇语料命中筛选
成语,指手画脚,,chinese-xinhua成语数据；按当前800篇语料命中筛选
成语,按捺不住,,chinese-xinhua成语数据；按当前800篇语料命中筛选
成语,挥汗如雨,,chinese-xinhua成语数据；按当前800篇语料命中筛选
成语,挺身而出,,chinese-xinhua成语数据；按当前800篇语料命中筛选
成语,捕风捉影,,chinese-xinhua成语数据；按当前800篇语料命中筛选
成语,损公肥私,,chinese-xinhua成语数据；按当前800篇语料命中筛选
成语,掉以轻心,,chinese-xinhua成语数据；按当前800篇语料命中筛选
成语,掌上明珠,,chinese-xinhua成语数据；按当前800篇语料命中筛选
成语,排除万难,,chinese-xinhua成语数据；按当前800篇语料命中筛选
成语,接二连三,,chinese-xinhua成语数据；按当前800篇语料命中筛选
成语,接踵而至,,chinese-xinhua成语数据；按当前800篇语料命中筛选
成语,推波助澜,,chinese-xinhua成语数据；按当前800篇语料命中筛选
成语,推而广之,,chinese-xinhua成语数据；按当前800篇语料命中筛选
成语,提心吊胆,,chinese-xinhua成语数据；按当前800篇语料命中筛选
成语,揭竿而起,,chinese-xinhua成语数据；按当前800篇语料命中筛选
成语,摇摇欲坠,,chinese-xinhua成语数据；按当前800篇语料命中筛选
成语,改邪归正,,chinese-xinhua成语数据；按当前800篇语料命中筛选
成语,放任自流,,chinese-xinhua成语数据；按当前800篇语料命中筛选
成语,救死扶伤,,chinese-xinhua成语数据；按当前800篇语料命中筛选
成语,教导有方,,chinese-xinhua成语数据；按当前800篇语料命中筛选
成语,敬老尊贤,,chinese-xinhua成语数据；按当前800篇语料命中筛选
成语,数一数二,,chinese-xinhua成语数据；按当前800篇语料命中筛选
成语,数不胜数,,chinese-xinhua成语数据；按当前800篇语料命中筛选
成语,斤斤计较,,chinese-xinhua成语数据；按当前800篇语料命中筛选
成语,斩钉截铁,,chinese-xinhua成语数据；按当前800篇语料命中筛选
成语,斯斯文文,,chinese-xinhua成语数据；按当前800篇语料命中筛选
成语,旁若无人,,chinese-xinhua成语数据；按当前800篇语料命中筛选
成语,旁观者清,,chinese-xinhua成语数据；按当前800篇语料命中筛选
成语,无与伦比,,chinese-xinhua成语数据；按当前800篇语料命中筛选
成语,无亲无故,,chinese-xinhua成语数据；按当前800篇语料命中筛选
成语,无伤大雅,,chinese-xinhua成语数据；按当前800篇语料命中筛选
成语,无依无靠,,chinese-xinhua成语数据；按当前800篇语料命中筛选
成语,无动于衷,,chinese-xinhua成语数据；按当前800篇语料命中筛选
成语,无可争辩,,chinese-xinhua成语数据；按当前800篇语料命中筛选
成语,无可厚非,,chinese-xinhua成语数据；按当前800篇语料命中筛选
成语,无可奈何,,chinese-xinhua成语数据；按当前800篇语料命中筛选
成语,无地自容,,chinese-xinhua成语数据；按当前800篇语料命中筛选
成语,无声无息,,chinese-xinhua成语数据；按当前800篇语料命中筛选
成语,无微不至,,chinese-xinhua成语数据；按当前800篇语料命中筛选
成语,无忧无虑,,chinese-xinhua成语数据；按当前800篇语料命中筛选
成语,无懈可击,,chinese-xinhua成语数据；按当前800篇语料命中筛选
成语,无所不晓,,chinese-xinhua成语数据；按当前800篇语料命中筛选
成语,无所不知,,chinese-xinhua成语数据；按当前800篇语料命中筛选
成语,无所事事,,chinese-xinhua成语数据；按当前800篇语料命中筛选
成语,无所适从,,chinese-xinhua成语数据；按当前800篇语料命中筛选
成语,无拘无束,,chinese-xinhua成语数据；按当前800篇语料命中筛选
成语,无时无刻,,chinese-xinhua成语数据；按当前800篇语料命中筛选
成语,无理取闹,,chinese-xinhua成语数据；按当前800篇语料命中筛选
成语,无精打采,,chinese-xinhua成语数据；按当前800篇语料命中筛选
成语,无缘无故,,chinese-xinhua成语数据；按当前800篇语料命中筛选
成语,无能为力,,chinese-xinhua成语数据；按当前800篇语料命中筛选
成语,无论如何,,chinese-xinhua成语数据；按当前800篇语料命中筛选
成语,无边无际,,chinese-xinhua成语数据；按当前800篇语料命中筛选
成语,日新月异,,chinese-xinhua成语数据；按当前800篇语料命中筛选
成语,日日夜夜,,chinese-xinhua成语数据；按当前800篇语料命中筛选
成语,日积月累,,chinese-xinhua成语数据；按当前800篇语料命中筛选
成语,早出晚归,,chinese-xinhua成语数据；按当前800篇语料命中筛选
成语,昂首挺胸,,chinese-xinhua成语数据；按当前800篇语料命中筛选
成语,明知故犯,,chinese-xinhua成语数据；按当前800篇语料命中筛选
成语,春光明媚,,chinese-xinhua成语数据；按当前800篇语料命中筛选
成语,春去秋来,,chinese-xinhua成语数据；按当前800篇语料命中筛选
成语,春暖花开,,chinese-xinhua成语数据；按当前800篇语料命中筛选
成语,春蚕到死丝方尽,,chinese-xinhua成语数据；按当前800篇语料命中筛选
成语,春风得意,,chinese-xinhua成语数据；按当前800篇语料命中筛选
成语,显而易见,,chinese-xinhua成语数据；按当前800篇语料命中筛选
成语,普渡众生,,chinese-xinhua成语数据；按当前800篇语料命中筛选
成语,暗淡无光,,chinese-xinhua成语数据；按当前800篇语料命中筛选
成语,暴跳如雷,,chinese-xinhua成语数据；按当前800篇语料命中筛选
成语,暴风骤雨,,chinese-xinhua成语数据；按当前800篇语料命中筛选
成语,更上一层楼,,chinese-xinhua成语数据；按当前800篇语料命中筛选
成语,曾几何时,,chinese-xinhua成语数据；按当前800篇语料命中筛选
成语,有其父必有其子,,chinese-xinhua成语数据；按当前800篇语料命中筛选
成语,有害无利,,chinese-xinhua成语数据；按当前800篇语料命中筛选
成语,有意无意,,chinese-xinhua成语数据；按当前800篇语料命中筛选
成语,有所作为,,chinese-xinhua成语数据；按当前800篇语料命中筛选
成语,有气无力,,chinese-xinhua成语数据；按当前800篇语料命中筛选
成语,有求必应,,chinese-xinhua成语数据；按当前800篇语料命中筛选
成语,有生以来,,chinese-xinhua成语数据；按当前800篇语料命中筛选
成语,有眼无珠,,chinese-xinhua成语数据；按当前800篇语料命中筛选
成语,有血有肉,,chinese-xinhua成语数据；按当前800篇语料命中筛选
成语,有说有笑,,chinese-xinhua成语数据；按当前800篇语料命中筛选
成语,有过之而无不及,,chinese-xinhua成语数据；按当前800篇语料命中筛选
成语,有钱能使鬼推磨,,chinese-xinhua成语数据；按当前800篇语料命中筛选
成语,朗朗上口,,chinese-xinhua成语数据；按当前800篇语料命中筛选
成语,望子成龙,,chinese-xinhua成语数据；按当前800篇语料命中筛选
成语,朝不虑夕,,chinese-xinhua成语数据；按当前800篇语料命中筛选
成语,朝夕相处,,chinese-xinhua成语数据；按当前800篇语料命中筛选
成语,朝朝暮暮,,chinese-xinhua成语数据；按当前800篇语料命中筛选
成语,未老先衰,,chinese-xinhua成语数据；按当前800篇语料命中筛选
成语,杀身成仁,,chinese-xinhua成语数据；按当前800篇语料命中筛选
成语,杞人忧天,,chinese-xinhua成语数据；按当前800篇语料命中筛选
成语,来之不易,,chinese-xinhua成语数据；按当前800篇语料命中筛选
成语,枯燥无味,,chinese-xinhua成语数据；按当前800篇语料命中筛选
成语,柳暗花明,,chinese-xinhua成语数据；按当前800篇语料命中筛选
成语,柳暗花明又一村,,chinese-xinhua成语数据；按当前800篇语料命中筛选
成语,栩栩如生,,chinese-xinhua成语数据；按当前800篇语料命中筛选
成语,根深蒂固,,chinese-xinhua成语数据；按当前800篇语料命中筛选
成语,梦寐以求,,chinese-xinhua成语数据；按当前800篇语料命中筛选
成语,楚楚动人,,chinese-xinhua成语数据；按当前800篇语料命中筛选
成语,横七竖八,,chinese-xinhua成语数据；按当前800篇语料命中筛选
成语,横冲直撞,,chinese-xinhua成语数据；按当前800篇语料命中筛选
成语,欢蹦乱跳,,chinese-xinhua成语数据；按当前800篇语料命中筛选
成语,欣欣向荣,,chinese-xinhua成语数据；按当前800篇语料命中筛选
成语,此起彼伏,,chinese-xinhua成语数据；按当前800篇语料命中筛选
成语,死而后已,,chinese-xinhua成语数据；按当前800篇语料命中筛选
成语,死里逃生,,chinese-xinhua成语数据；按当前800篇语料命中筛选
成语,殚精竭虑,,chinese-xinhua成语数据；按当前800篇语料命中筛选
成语,气喘吁吁,,chinese-xinhua成语数据；按当前800篇语料命中筛选
成语,水泄不通,,chinese-xinhua成语数据；按当前800篇语料命中筛选
成语,永无止境,,chinese-xinhua成语数据；按当前800篇语料命中筛选
成语,求之不得,,chinese-xinhua成语数据；按当前800篇语料命中筛选
成语,江河日下,,chinese-xinhua成语数据；按当前800篇语料命中筛选
成语,汪洋大海,,chinese-xinhua成语数据；按当前800篇语料命中筛选
成语,沉默寡言,,chinese-xinhua成语数据；按当前800篇语料命中筛选
成语,没完没了,,chinese-xinhua成语数据；按当前800篇语料命中筛选
成语,没齿难忘,,chinese-xinhua成语数据；按当前800篇语料命中筛选
成语,油然而生,,chinese-xinhua成语数据；按当前800篇语料命中筛选
成语,波光鳞鳞,,chinese-xinhua成语数据；按当前800篇语料命中筛选
成语,泪流满面,,chinese-xinhua成语数据；按当前800篇语料命中筛选
成语,洁身自好,,chinese-xinhua成语数据；按当前800篇语料命中筛选
成语,洁身自爱,,chinese-xinhua成语数据；按当前800篇语料命中筛选
成语,洋洋得意,,chinese-xinhua成语数据；按当前800篇语料命中筛选
成语,津津有味,,chinese-xinhua成语数据；按当前800篇语料命中筛选
成语,浑浑噩噩,,chinese-xinhua成语数据；按当前800篇语料命中筛选
成语,浪子回头,,chinese-xinhua成语数据；按当前800篇语料命中筛选
成语,浪子回头金不换,,chinese-xinhua成语数据；按当前800篇语料命中筛选
成语,海纳百川,,chinese-xinhua成语数据；按当前800篇语料命中筛选
成语,海阔天空,,chinese-xinhua成语数据；按当前800篇语料命中筛选
成语,深信不疑,,chinese-xinhua成语数据；按当前800篇语料命中筛选
成语,深入浅出,,chinese-xinhua成语数据；按当前800篇语料命中筛选
成语,深恶痛绝,,chinese-xinhua成语数据；按当前800篇语料命中筛选
成语,深更半夜,,chinese-xinhua成语数据；按当前800篇语料命中筛选
成语,深谋远虑,,chinese-xinhua成语数据；按当前800篇语料命中筛选
成语,添油加醋,,chinese-xinhua成语数据；按当前800篇语料命中筛选
成语,温文尔雅,,chinese-xinhua成语数据；按当前800篇语料命中筛选
成语,游手好闲,,chinese-xinhua成语数据；按当前800篇语料命中筛选
成语,源源不断,,chinese-xinhua成语数据；按当前800篇语料命中筛选
成语,滔滔不绝,,chinese-xinhua成语数据；按当前800篇语料命中筛选
成语,漠然置之,,chinese-xinhua成语数据；按当前800篇语料命中筛选
成语,潜移默化,,chinese-xinhua成语数据；按当前800篇语料命中筛选
成语,灵机一动,,chinese-xinhua成语数据；按当前800篇语料命中筛选
成语,炎黄子孙,,chinese-xinhua成语数据；按当前800篇语料命中筛选
成语,炯炯有神,,chinese-xinhua成语数据；按当前800篇语料命中筛选
成语,烟消云散,,chinese-xinhua成语数据；按当前800篇语料命中筛选
成语,热气腾腾,,chinese-xinhua成语数据；按当前800篇语料命中筛选
成语,热泪盈眶,,chinese-xinhua成语数据；按当前800篇语料命中筛选
成语,热锅上的蚂蚁,,chinese-xinhua成语数据；按当前800篇语料命中筛选
成语,焕然一新,,chinese-xinhua成语数据；按当前800篇语料命中筛选
成语,熟视无睹,,chinese-xinhua成语数据；按当前800篇语料命中筛选
成语,爱不释手,,chinese-xinhua成语数据；按当前800篇语料命中筛选
成语,爱憎分明,,chinese-xinhua成语数据；按当前800篇语料命中筛选
成语,牙牙学语,,chinese-xinhua成语数据；按当前800篇语料命中筛选
成语,物以类聚,,chinese-xinhua成语数据；按当前800篇语料命中筛选
成语,物是人非,,chinese-xinhua成语数据；按当前800篇语料命中筛选
成语,犹豫不决,,chinese-xinhua成语数据；按当前800篇语料命中筛选
成语,狂风暴雨,,chinese-xinhua成语数据；按当前800篇语料命中筛选
成语,独一无二,,chinese-xinhua成语数据；按当前800篇语料命中筛选
成语,独立自主,,chinese-xinhua成语数据；按当前800篇语料命中筛选
成语,狼吞虎咽,,chinese-xinhua成语数据；按当前800篇语料命中筛选
成语,理所当然,,chinese-xinhua成语数据；按当前800篇语料命中筛选
成语,理直气壮,,chinese-xinhua成语数据；按当前800篇语料命中筛选
成语,生死关头,,chinese-xinhua成语数据；按当前800篇语料命中筛选
成语,生死攸关,,chinese-xinhua成语数据；按当前800篇语料命中筛选
成语,生离死别,,chinese-xinhua成语数据；按当前800篇语料命中筛选
成语,用心良苦,,chinese-xinhua成语数据；按当前800篇语料命中筛选
成语,男女老少,,chinese-xinhua成语数据；按当前800篇语料命中筛选
成语,男尊女卑,,chinese-xinhua成语数据；按当前800篇语料命中筛选
成语,疲惫不堪,,chinese-xinhua成语数据；按当前800篇语料命中筛选
成语,痛不欲生,,chinese-xinhua成语数据；按当前800篇语料命中筛选
成语,痛改前非,,chinese-xinhua成语数据；按当前800篇语料命中筛选
成语,痴心妄想,,chinese-xinhua成语数据；按当前800篇语料命中筛选
成语,白发苍苍,,chinese-xinhua成语数据；按当前800篇语料命中筛选
成语,百年树人,,chinese-xinhua成语数据；按当前800篇语料命中筛选
成语,百花齐放,,chinese-xinhua成语数据；按当前800篇语料命中筛选
成语,百闻不如一见,,chinese-xinhua成语数据；按当前800篇语料命中筛选
成语,盘古开天地,,chinese-xinhua成语数据；按当前800篇语料命中筛选
成语,目不识丁,,chinese-xinhua成语数据；按当前800篇语料命中筛选
成语,目不转睛,,chinese-xinhua成语数据；按当前800篇语料命中筛选
成语,目中无人,,chinese-xinhua成语数据；按当前800篇语料命中筛选
成语,目瞪口呆,,chinese-xinhua成语数据；按当前800篇语料命中筛选
成语,直截了当,,chinese-xinhua成语数据；按当前800篇语料命中筛选
成语,相依为命,,chinese-xinhua成语数据；按当前800篇语料命中筛选
成语,相见恨晚,,chinese-xinhua成语数据；按当前800篇语料命中筛选
成语,相辅相成,,chinese-xinhua成语数据；按当前800篇语料命中筛选
成语,省吃俭用,,chinese-xinhua成语数据；按当前800篇语料命中筛选
成语,眉开眼笑,,chinese-xinhua成语数据；按当前800篇语料命中筛选
成语,真心真意,,chinese-xinhua成语数据；按当前800篇语料命中筛选
成语,眼花缭乱,,chinese-xinhua成语数据；按当前800篇语料命中筛选
成语,睡眼惺忪,,chinese-xinhua成语数据；按当前800篇语料命中筛选
成语,知足常乐,,chinese-xinhua成语数据；按当前800篇语料命中筛选
成语,石沉大海,,chinese-xinhua成语数据；按当前800篇语料命中筛选
成语,碌碌无为,,chinese-xinhua成语数据；按当前800篇语料命中筛选
成语,神经过敏,,chinese-xinhua成语数据；按当前800篇语料命中筛选
成语,离奇古怪,,chinese-xinhua成语数据；按当前800篇语料命中筛选
成语,积少成多,,chinese-xinhua成语数据；按当前800篇语料命中筛选
成语,稍纵即逝,,chinese-xinhua成语数据；按当前800篇语料命中筛选
成语,穷凶极恶,,chinese-xinhua成语数据；按当前800篇语料命中筛选
成语,空口说白话,,chinese-xinhua成语数据；按当前800篇语料命中筛选
成语,空穴来风,,chinese-xinhua成语数据；按当前800篇语料命中筛选
成语,突如其来,,chinese-xinhua成语数据；按当前800篇语料命中筛选
成语,突飞猛进,,chinese-xinhua成语数据；按当前800篇语料命中筛选
成语,立竿见影,,chinese-xinhua成语数据；按当前800篇语料命中筛选
成语,竭尽全力,,chinese-xinhua成语数据；按当前800篇语料命中筛选
成语,粗心大意,,chinese-xinhua成语数据；按当前800篇语料命中筛选
成语,精明能干,,chinese-xinhua成语数据；按当前800篇语料命中筛选
成语,精疲力尽,,chinese-xinhua成语数据；按当前800篇语料命中筛选
成语,精疲力竭,,chinese-xinhua成语数据；按当前800篇语料命中筛选
成语,精神抖擞,,chinese-xinhua成语数据；按当前800篇语料命中筛选
成语,素不相识,,chinese-xinhua成语数据；按当前800篇语料命中筛选
成语,素昧平生,,chinese-xinhua成语数据；按当前800篇语料命中筛选
成语,索然无味,,chinese-xinhua成语数据；按当前800篇语料命中筛选
成语,繁荣富强,,chinese-xinhua成语数据；按当前800篇语料命中筛选
成语,约定俗成,,chinese-xinhua成语数据；按当前800篇语料命中筛选
成语,纸上谈兵,,chinese-xinhua成语数据；按当前800篇语料命中筛选
成语,细水长流,,chinese-xinhua成语数据；按当前800篇语料命中筛选
成语,结结巴巴,,chinese-xinhua成语数据；按当前800篇语料命中筛选
成语,绚丽多彩,,chinese-xinhua成语数据；按当前800篇语料命中筛选
成语,络绎不绝,,chinese-xinhua成语数据；按当前800篇语料命中筛选
成语,继往开来,,chinese-xinhua成语数据；按当前800篇语料命中筛选
成语,缺一不可,,chinese-xinhua成语数据；按当前800篇语料命中筛选
成语,罪有应得,,chinese-xinhua成语数据；按当前800篇语料命中筛选
成语,美中不足,,chinese-xinhua成语数据；按当前800篇语料命中筛选
成语,翩翩起舞,,chinese-xinhua成语数据；按当前800篇语料命中筛选
成语,老当益壮,,chinese-xinhua成语数据；按当前800篇语料命中筛选
成语,老王卖瓜,,chinese-xinhua成语数据；按当前800篇语料命中筛选
成语,老生常谈,,chinese-xinhua成语数据；按当前800篇语料命中筛选
成语,耐人寻味,,chinese-xinhua成语数据；按当前800篇语料命中筛选
成语,耳旁风,,chinese-xinhua成语数据；按当前800篇语料命中筛选
成语,耳濡目染,,chinese-xinhua成语数据；按当前800篇语料命中筛选
成语,耳熟能详,,chinese-xinhua成语数据；按当前800篇语料命中筛选
成语,耳边风,,chinese-xinhua成语数据；按当前800篇语料命中筛选
成语,耳闻目睹,,chinese-xinhua成语数据；按当前800篇语料命中筛选
成语,聚精会神,,chinese-xinhua成语数据；按当前800篇语料命中筛选
成语,聪明才智,,chinese-xinhua成语数据；按当前800篇语料命中筛选
成语,肝肠寸断,,chinese-xinhua成语数据；按当前800篇语料命中筛选
成语,胆小怕事,,chinese-xinhua成语数据；按当前800篇语料命中筛选
成语,背井离乡,,chinese-xinhua成语数据；按当前800篇语料命中筛选
成语,胜败乃兵家常事,,chinese-xinhua成语数据；按当前800篇语料命中筛选
成语,胡思乱想,,chinese-xinhua成语数据；按当前800篇语料命中筛选
成语,能说会道,,chinese-xinhua成语数据；按当前800篇语料命中筛选
成语,脍炙人口,,chinese-xinhua成语数据；按当前800篇语料命中筛选
成语,脚踏实地,,chinese-xinhua成语数据；按当前800篇语料命中筛选
成语,脱口而出,,chinese-xinhua成语数据；按当前800篇语料命中筛选
成语,自以为是,,chinese-xinhua成语数据；按当前800篇语料命中筛选
成语,自力更生,,chinese-xinhua成语数据；按当前800篇语料命中筛选
成语,自卖自夸,,chinese-xinhua成语数据；按当前800篇语料命中筛选
成语,自暴自弃,,chinese-xinhua成语数据；按当前800篇语料命中筛选
成语,自然而然,,chinese-xinhua成语数据；按当前800篇语料命中筛选
成语,自由自在,,chinese-xinhua成语数据；按当前800篇语料命中筛选
成语,自私自利,,chinese-xinhua成语数据；按当前800篇语料命中筛选
成语,自言自语,,chinese-xinhua成语数据；按当前800篇语料命中筛选
成语,自食其力,,chinese-xinhua成语数据；按当前800篇语料命中筛选
成语,舍我其谁,,chinese-xinhua成语数据；按当前800篇语料命中筛选
成语,舍生取义,,chinese-xinhua成语数据；按当前800篇语料命中筛选
成语,良师益友,,chinese-xinhua成语数据；按当前800篇语料命中筛选
成语,良莠不齐,,chinese-xinhua成语数据；按当前800篇语料命中筛选
成语,艰苦奋斗,,chinese-xinhua成语数据；按当前800篇语料命中筛选
成语,艰难困苦,,chinese-xinhua成语数据；按当前800篇语料命中筛选
成语,花团锦簇,,chinese-xinhua成语数据；按当前800篇语料命中筛选
成语,花花世界,,chinese-xinhua成语数据；按当前800篇语料命中筛选
成语,花花公子,,chinese-xinhua成语数据；按当前800篇语料命中筛选
成语,花花绿绿,,chinese-xinhua成语数据；按当前800篇语料命中筛选
成语,花言巧语,,chinese-xinhua成语数据；按当前800篇语料命中筛选
成语,苍白无力,,chinese-xinhua成语数据；按当前800篇语料命中筛选
成语,若即若离,,chinese-xinhua成语数据；按当前800篇语料命中筛选
成语,若无其事,,chinese-xinhua成语数据；按当前800篇语料命中筛选
成语,若有所失,,chinese-xinhua成语数据；按当前800篇语料命中筛选
成语,苦口婆心,,chinese-xinhua成语数据；按当前800篇语料命中筛选
成语,苦尽甘来,,chinese-xinhua成语数据；按当前800篇语料命中筛选
成语,苦心经营,,chinese-xinhua成语数据；按当前800篇语料命中筛选
成语,茁壮成长,,chinese-xinhua成语数据；按当前800篇语料命中筛选
成语,茶余饭后,,chinese-xinhua成语数据；按当前800篇语料命中筛选
成语,莫名其妙,,chinese-xinhua成语数据；按当前800篇语料命中筛选
成语,莫须有,,chinese-xinhua成语数据；按当前800篇语料命中筛选
成语,血气方刚,,chinese-xinhua成语数据；按当前800篇语料命中筛选
成语,行云流水,,chinese-xinhua成语数据；按当前800篇语料命中筛选
成语,行尸走肉,,chinese-xinhua成语数据；按当前800篇语料命中筛选
成语,衣不解带,,chinese-xinhua成语数据；按当前800篇语料命中筛选
成语,衣衫褴褛,,chinese-xinhua成语数据；按当前800篇语料命中筛选
成语,表里如一,,chinese-xinhua成语数据；按当前800篇语料命中筛选
成语,装模作样,,chinese-xinhua成语数据；按当前800篇语料命中筛选
成语,要死要活,,chinese-xinhua成语数据；按当前800篇语料命中筛选
成语,视而不见,,chinese-xinhua成语数据；按当前800篇语料命中筛选
成语,触目惊心,,chinese-xinhua成语数据；按当前800篇语料命中筛选
成语,言传身教,,chinese-xinhua成语数据；按当前800篇语料命中筛选
成语,言而无信,,chinese-xinhua成语数据；按当前800篇语料命中筛选
成语,言行不一,,chinese-xinhua成语数据；按当前800篇语料命中筛选
成语,讨价还价,,chinese-xinhua成语数据；按当前800篇语料命中筛选
成语,议论纷纷,,chinese-xinhua成语数据；按当前800篇语料命中筛选
成语,记忆犹新,,chinese-xinhua成语数据；按当前800篇语料命中筛选
成语,设身处地,,chinese-xinhua成语数据；按当前800篇语料命中筛选
成语,诚惶诚恐,,chinese-xinhua成语数据；按当前800篇语料命中筛选
成语,语重心长,,chinese-xinhua成语数据；按当前800篇语料命中筛选
成语,误入歧途,,chinese-xinhua成语数据；按当前800篇语料命中筛选
成语,诸如此类,,chinese-xinhua成语数据；按当前800篇语料命中筛选
成语,谆谆教导,,chinese-xinhua成语数据；按当前800篇语料命中筛选
成语,谈情说爱,,chinese-xinhua成语数据；按当前800篇语料命中筛选
成语,谈笑风生,,chinese-xinhua成语数据；按当前800篇语料命中筛选
成语,谢天谢地,,chinese-xinhua成语数据；按当前800篇语料命中筛选
成语,豪情壮志,,chinese-xinhua成语数据；按当前800篇语料命中筛选
成语,豪言壮语,,chinese-xinhua成语数据；按当前800篇语料命中筛选
成语,责无旁贷,,chinese-xinhua成语数据；按当前800篇语料命中筛选
成语,贤妻良母,,chinese-xinhua成语数据；按当前800篇语料命中筛选
成语,贪官污吏,,chinese-xinhua成语数据；按当前800篇语料命中筛选
成语,走投无路,,chinese-xinhua成语数据；按当前800篇语料命中筛选
成语,起早贪黑,,chinese-xinhua成语数据；按当前800篇语料命中筛选
成语,趁人之危,,chinese-xinhua成语数据；按当前800篇语料命中筛选
成语,身价百倍,,chinese-xinhua成语数据；按当前800篇语料命中筛选
成语,身体力行,,chinese-xinhua成语数据；按当前800篇语料命中筛选
成语,车水马龙,,chinese-xinhua成语数据；按当前800篇语料命中筛选
成语,轰轰烈烈,,chinese-xinhua成语数据；按当前800篇语料命中筛选
成语,轻于鸿毛,,chinese-xinhua成语数据；按当前800篇语料命中筛选
成语,轻如鸿毛,,chinese-xinhua成语数据；按当前800篇语料命中筛选
成语,迎刃而解,,chinese-xinhua成语数据；按当前800篇语料命中筛选
成语,迎头赶上,,chinese-xinhua成语数据；按当前800篇语料命中筛选
成语,近朱者赤，近墨者黑,,chinese-xinhua成语数据；按当前800篇语料命中筛选
成语,进退两难,,chinese-xinhua成语数据；按当前800篇语料命中筛选
成语,连锁反应,,chinese-xinhua成语数据；按当前800篇语料命中筛选
成语,迫不及待,,chinese-xinhua成语数据；按当前800篇语料命中筛选
成语,迫不得已,,chinese-xinhua成语数据；按当前800篇语料命中筛选
成语,适得其反,,chinese-xinhua成语数据；按当前800篇语料命中筛选
成语,遇人不淑,,chinese-xinhua成语数据；按当前800篇语料命中筛选
成语,遍体鳞伤,,chinese-xinhua成语数据；按当前800篇语料命中筛选
成语,遗臭万年,,chinese-xinhua成语数据；按当前800篇语料命中筛选
成语,酒足饭饱,,chinese-xinhua成语数据；按当前800篇语料命中筛选
成语,酸甜苦辣,,chinese-xinhua成语数据；按当前800篇语料命中筛选
成语,重于泰山,,chinese-xinhua成语数据；按当前800篇语料命中筛选
成语,重男轻女,,chinese-xinhua成语数据；按当前800篇语料命中筛选
成语,量力而行,,chinese-xinhua成语数据；按当前800篇语料命中筛选
成语,金玉良言,,chinese-xinhua成语数据；按当前800篇语料命中筛选
成语,铁面无私,,chinese-xinhua成语数据；按当前800篇语料命中筛选
成语,销声匿迹,,chinese-xinhua成语数据；按当前800篇语料命中筛选
成语,长年累月,,chinese-xinhua成语数据；按当前800篇语料命中筛选
成语,长此以往,,chinese-xinhua成语数据；按当前800篇语料命中筛选
成语,长篇大论,,chinese-xinhua成语数据；按当前800篇语料命中筛选
成语,长途跋涉,,chinese-xinhua成语数据；按当前800篇语料命中筛选
成语,长风破浪,,chinese-xinhua成语数据；按当前800篇语料命中筛选
成语,闻鸡起舞,,chinese-xinhua成语数据；按当前800篇语料命中筛选
成语,阿谀逢迎,,chinese-xinhua成语数据；按当前800篇语料命中筛选
成语,随地随时,,chinese-xinhua成语数据；按当前800篇语料命中筛选
成语,随时随地,,chinese-xinhua成语数据；按当前800篇语料命中筛选
成语,随波逐流,,chinese-xinhua成语数据；按当前800篇语料命中筛选
成语,隐隐约约,,chinese-xinhua成语数据；按当前800篇语料命中筛选
成语,难以置信,,chinese-xinhua成语数据；按当前800篇语料命中筛选
成语,雄伟壮观,,chinese-xinhua成语数据；按当前800篇语料命中筛选
成语,集思广益,,chinese-xinhua成语数据；按当前800篇语料命中筛选
成语,雪中送炭,,chinese-xinhua成语数据；按当前800篇语料命中筛选
成语,震撼人心,,chinese-xinhua成语数据；按当前800篇语料命中筛选
成语,面不改色,,chinese-xinhua成语数据；按当前800篇语料命中筛选
成语,面红耳赤,,chinese-xinhua成语数据；按当前800篇语料命中筛选
成语,鞠躬尽瘁,,chinese-xinhua成语数据；按当前800篇语料命中筛选
成语,鞠躬尽瘁，死而后已,,chinese-xinhua成语数据；按当前800篇语料命中筛选
成语,顺手牵羊,,chinese-xinhua成语数据；按当前800篇语料命中筛选
成语,顺理成章,,chinese-xinhua成语数据；按当前800篇语料命中筛选
成语,颠沛流离,,chinese-xinhua成语数据；按当前800篇语料命中筛选
成语,风吹雨打,,chinese-xinhua成语数据；按当前800篇语料命中筛选
成语,风和日丽,,chinese-xinhua成语数据；按当前800篇语料命中筛选
成语,风平浪静,,chinese-xinhua成语数据；按当前800篇语料命中筛选
成语,风雨不改,,chinese-xinhua成语数据；按当前800篇语料命中筛选
成语,风雨同舟,,chinese-xinhua成语数据；按当前800篇语料命中筛选
成语,风雨无阻,,chinese-xinhua成语数据；按当前800篇语料命中筛选
成语,风风雨雨,,chinese-xinhua成语数据；按当前800篇语料命中筛选
成语,飞蛾扑火,,chinese-xinhua成语数据；按当前800篇语料命中筛选
成语,飞黄腾达,,chinese-xinhua成语数据；按当前800篇语料命中筛选
成语,饭来张口,,chinese-xinhua成语数据；按当前800篇语料命中筛选
成语,饱经风霜,,chinese-xinhua成语数据；按当前800篇语料命中筛选
成语,马如游龙,,chinese-xinhua成语数据；按当前800篇语料命中筛选
成语,马马虎虎,,chinese-xinhua成语数据；按当前800篇语料命中筛选
成语,骄奢淫逸,,chinese-xinhua成语数据；按当前800篇语料命中筛选
成语,骨瘦如柴,,chinese-xinhua成语数据；按当前800篇语料命中筛选
成语,高人一等,,chinese-xinhua成语数据；按当前800篇语料命中筛选
成语,高楼大厦,,chinese-xinhua成语数据；按当前800篇语料命中筛选
成语,高高在上,,chinese-xinhua成语数据；按当前800篇语料命中筛选
成语,鸟语花香,,chinese-xinhua成语数据；按当前800篇语料命中筛选
成语,鸡毛蒜皮,,chinese-xinhua成语数据；按当前800篇语料命中筛选
成语,鸡犬不宁,,chinese-xinhua成语数据；按当前800篇语料命中筛选
成语,鸦雀无声,,chinese-xinhua成语数据；按当前800篇语料命中筛选
成语,黑白分明,,chinese-xinhua成语数据；按当前800篇语料命中筛选
成语,默不作声,,chinese-xinhua成语数据；按当前800篇语料命中筛选
成语,默默无闻,,chinese-xinhua成语数据；按当前800篇语料命中筛选
成语,黯然失色,,chinese-xinhua成语数据；按当前800篇语料命中筛选
成语,鼓鼓囊囊,,chinese-xinhua成语数据；按当前800篇语料命中筛选
成语,齐心协力,,chinese-xinhua成语数据；按当前800篇语料命中筛选
歇后语,老王卖瓜,自卖自夸,chinese-xinhua歇后语数据；同篇作文前后项共现
谚语,上有天堂，下有苏杭,,当前语料中由“俗话说/常言道/谚语”等显式引介语人工复核
谚语,人之初，性本善,,当前语料中由“俗话说/常言道/谚语”等显式引介语人工复核
谚语,人要脸树要皮,,当前语料中由“俗话说/常言道/谚语”等显式引介语人工复核
谚语,你敬我一尺，我还你一丈,,当前语料中由“俗话说/常言道/谚语”等显式引介语人工复核
谚语,吸烟有百害而无一利,,当前语料中由“俗话说/常言道/谚语”等显式引介语人工复核
谚语,夏天南京像个火锅,,当前语料中由“俗话说/常言道/谚语”等显式引介语人工复核
谚语,天下兴亡，匹夫有责,,当前语料中由“俗话说/常言道/谚语”等显式引介语人工复核
谚语,孩子是父母的镜子,,当前语料中由“俗话说/常言道/谚语”等显式引介语人工复核
谚语,孩子看着父母而长大,,当前语料中由“俗话说/常言道/谚语”等显式引介语人工复核
谚语,家和万事兴,,当前语料中由“俗话说/常言道/谚语”等显式引介语人工复核
谚语,当局者迷，旁观者清,,当前语料中由“俗话说/常言道/谚语”等显式引介语人工复核
谚语,望子成龙、望女成凤,,当前语料中由“俗话说/常言道/谚语”等显式引介语人工复核
谚语,桂林山水甲天下,,当前语料中由“俗话说/常言道/谚语”等显式引介语人工复核
谚语,自立人生少年始,,当前语料中由“俗话说/常言道/谚语”等显式引介语人工复核
谚语,自食其力，生活是甘甜的；卑躬屈膝，生活是酸苦的,,当前语料中由“俗话说/常言道/谚语”等显式引介语人工复核
谚语,言教不如身教,,当前语料中由“俗话说/常言道/谚语”等显式引介语人工复核
谚语,远亲不如近邻,,当前语料中由“俗话说/常言道/谚语”等显式引介语人工复核
谚语,退一步海阔天空，忍一时风平浪静,,当前语料中由“俗话说/常言道/谚语”等显式引介语人工复核
