大类,特征名,词项,允许词性前缀,来源说明
语法标记,第一人称单数代词,我,r,徐勤2023第3章ID14
语法标记,第一人称复数代词,我们,r,徐勤2023第3章ID14
语法标记,其他第一人称代词,咱,r,徐勤2023第3章ID14
语法标记,其他第一人称代词,咱们,r,徐勤2023第3章ID14
语法标记,其他第一人称代词,本人,r,徐勤2023第3章ID14
语法标记,其他第一人称代词,俺,r,徐勤2023第3章ID14
语法标记,其他第一人称代词,俺们,r,徐勤2023第3章ID14
语法标记,其他第一人称代词,自己,r,徐勤2023第3章ID14
语法标记,第二人称代词,你,r,徐勤2023第3章ID15
语法标记,第二人称代词,您,r,徐勤2023第3章ID15
语法标记,第二人称代词,你们,r,徐勤2023第3章ID15
语法标记,第三人称代词,他,r,徐勤2023第3章ID16
语法标记,第三人称代词,她,r,徐勤2023第3章ID16
语法标记,第三人称代词,他们,r,徐勤2023第3章ID16
语法标记,第三人称代词,她们,r,徐勤2023第3章ID16
语法标记,非人第三人称代词,它,r,徐勤2023第3章ID17
语法标记,非人第三人称代词,它们,r,徐勤2023第3章ID17
语法标记,指示代词,这,r,徐勤2023第3章ID18
语法标记,指示代词,那,r,徐勤2023第3章ID18
语法标记,指示代词,这里,r,徐勤2023第3章ID18
语法标记,指示代词,那里,r,徐勤2023第3章ID18
语法标记,指示代词,这儿,r,徐勤2023第3章ID18
语法标记,指示代词,那儿,r,徐勤2023第3章ID18
语法标记,指示代词,这样,r,徐勤2023第3章ID18
语法标记,指示代词,那样,r,徐勤2023第3章ID18
语法标记,指示代词,这么,r,徐勤2023第3章ID18
语法标记,指示代词,那么,r,徐勤2023第3章ID18
语法标记,指示代词,这些,r,徐勤2023第3章ID18
语法标记,指示代词,那些,r,徐勤2023第3章ID18
语法标记,指示代词,其,r,徐勤2023第3章ID18
语法标记,指示代词,其他,r,徐勤2023第3章ID18
语法标记,指示代词,别的,r,徐勤2023第3章ID18
语法标记,不定代词,有人,r,徐勤2023第3章ID19
语法标记,不定代词,某人,r,徐勤2023第3章ID19
语法标记,不定代词,某,r,徐勤2023第3章ID19
语法标记,不定代词,任何人,r,徐勤2023第3章ID19
语法标记,不定代词,任何事,r,徐勤2023第3章ID19
语法标记,不定代词,一切,r,徐勤2023第3章ID19
语法标记,不定代词,大家,r,徐勤2023第3章ID19
语法标记,不定代词,别人,r,徐勤2023第3章ID19
语法标记,疑问代词,谁,r,徐勤2023第3章ID19
语法标记,疑问代词,什么,r,徐勤2023第3章ID19
语法标记,疑问代词,哪,r,徐勤2023第3章ID19
语法标记,疑问代词,哪儿,r,徐勤2023第3章ID19
语法标记,疑问代词,哪里,r,徐勤2023第3章ID19
语法标记,疑问代词,怎么,r,徐勤2023第3章ID19
语法标记,疑问代词,怎样,r,徐勤2023第3章ID19
语法标记,疑问代词,怎么样,r,徐勤2023第3章ID19
语法标记,疑问代词,为什么,r,徐勤2023第3章ID19
语法标记,情态动词,能,v,徐勤2023第3章ID32-46
语法标记,情态动词,能够,v,徐勤2023第3章ID32-46
语法标记,情态动词,会,v,徐勤2023第3章ID32-46
语法标记,情态动词,可以,v,徐勤2023第3章ID32-46
语法标记,情态动词,可,v,徐勤2023第3章ID32-46
语法标记,情态动词,应该,v,徐勤2023第3章ID32-46
语法标记,情态动词,应当,v,徐勤2023第3章ID32-46
语法标记,情态动词,必须,v,徐勤2023第3章ID32-46
语法标记,情态动词,得,v,徐勤2023第3章ID32-46
语法标记,情态动词,要,v,徐勤2023第3章ID32-46
语法标记,情态动词,愿意,v,徐勤2023第3章ID32-46
语法标记,情态动词,肯,v,徐勤2023第3章ID32-46
语法标记,情态动词,敢,v,徐勤2023第3章ID32-46
语法标记,否定词,不,d|v,徐勤2023第3章ID32-46
语法标记,否定词,不必,d|v,徐勤2023第3章ID32-46
语法标记,否定词,没有,d|v,徐勤2023第3章ID32-46
语法标记,否定词,没,d|v,徐勤2023第3章ID32-46
语法标记,否定词,未,d|v,徐勤2023第3章ID32-46
语法标记,否定词,未必,d|v,徐勤2023第3章ID32-46
语法标记,否定词,别,d|v,徐勤2023第3章ID32-46
语法标记,否定词,莫,d|v,徐勤2023第3章ID32-46
语法标记,否定词,勿,d|v,徐勤2023第3章ID32-46
语法标记,否定词,不用,d|v,徐勤2023第3章ID32-46
语法标记,否定词,甭,d|v,徐勤2023第3章ID32-46
语法标记,否定词,不曾,d|v,徐勤2023第3章ID32-46
语法标记,否定词,未曾,d|v,徐勤2023第3章ID32-46
语法标记,否定词,未尝,d|v,徐勤2023第3章ID32-46
语法标记,否定词,无须,d|v,徐勤2023第3章ID32-46
语法标记,否定词,毋庸,d|v,徐勤2023第3章ID32-46
语法标记,否定词,无庸,d|v,徐勤2023第3章ID32-46
篇章连接,因果连接词,因为,c|p,徐勤2023第3章ID79-88
篇章连接,因果连接词,所以,c|d,徐勤2023第3章ID79-88
篇章连接,因果连接词,因此,c|d,徐勤2023第3章ID79-88
篇章连接,因果连接词,由于,c|p,徐勤2023第3章ID79-88
篇章连接,因果连接词,于是,c|d,徐勤2023第3章ID79-88
篇章连接,因果连接词,既然,c,徐勤2023第3章ID79-88
篇章连接,转折连接词,但是,c,徐勤2023第3章ID79-88
篇章连接,转折连接词,可是,c,徐勤2023第3章ID79-88
篇章连接,转折连接词,然而,c,徐勤2023第3章ID79-88
篇章连接,转折连接词,不过,c|d,徐勤2023第3章ID79-88
篇章连接,转折连接词,却,d|c,徐勤2023第3章ID79-88
篇章连接,转折连接词,尽管,c|d,徐勤2023第3章ID79-88
篇章连接,转折连接词,虽然,c,徐勤2023第3章ID79-88
篇章连接,条件连接词,如果,c,徐勤2023第3章ID79-88
篇章连接,条件连接词,只要,c,徐勤2023第3章ID79-88
篇章连接,条件连接词,除非,c,徐勤2023第3章ID79-88
篇章连接,条件连接词,一旦,c|d,徐勤2023第3章ID79-88
篇章连接,条件连接词,只有,c|d,徐勤2023第3章ID79-88
篇章连接,条件连接词,要是,c,徐勤2023第3章ID79-88
篇章连接,条件连接词,即使,c,徐勤2023第3章ID79-88
篇章连接,递进连接词,而且,c,徐勤2023第3章ID79-88
篇章连接,递进连接词,甚至,d|c,徐勤2023第3章ID79-88
篇章连接,递进连接词,不仅,c|d,徐勤2023第3章ID79-88
篇章连接,递进连接词,不但,c|d,徐勤2023第3章ID79-88
篇章连接,递进连接词,何况,c,徐勤2023第3章ID79-88
篇章连接,递进连接词,况且,c,徐勤2023第3章ID79-88
篇章连接,并列连接词,和,c|p,徐勤2023第3章ID79-88
篇章连接,并列连接词,并且,c,徐勤2023第3章ID79-88
篇章连接,并列连接词,同时,c|d,徐勤2023第3章ID79-88
篇章连接,并列连接词,以及,c,徐勤2023第3章ID79-88
篇章连接,并列连接词,也,d|c,徐勤2023第3章ID79-88
篇章连接,并列连接词,又,d|c,徐勤2023第3章ID79-88
篇章连接,并列连接词,一边,d|c,徐勤2023第3章ID79-88
篇章连接,并列连接词,一方面,d|c,徐勤2023第3章ID79-88
篇章连接,顺序连接词,首先,d,徐勤2023第3章ID79-88
篇章连接,顺序连接词,然后,c|d,徐勤2023第3章ID79-88
篇章连接,顺序连接词,接着,c|d|v,徐勤2023第3章ID79-88
篇章连接,顺序连接词,后来,d|t,徐勤2023第3章ID79-88
篇章连接,顺序连接词,最后,d|t,徐勤2023第3章ID79-88
篇章连接,顺序连接词,先,d,徐勤2023第3章ID79-88
篇章连接,顺序连接词,再,d,徐勤2023第3章ID79-88
篇章连接,顺序连接词,随即,d,徐勤2023第3章ID79-88
篇章连接,总结连接词,总之,c|d,徐勤2023第3章ID79-88
篇章连接,总结连接词,总而言之,c|d,徐勤2023第3章ID79-88
篇章连接,总结连接词,综上所述,c|d|g,徐勤2023第3章ID79-88
篇章连接,总结连接词,由此可见,c|d|g,徐勤2023第3章ID79-88
篇章连接,举例连接词,例如,v|c|d,徐勤2023第3章ID79-88
篇章连接,举例连接词,比如,v|c|d,徐勤2023第3章ID79-88
篇章连接,举例连接词,譬如,v|c|d,徐勤2023第3章ID79-88
篇章连接,举例连接词,举例来说,v|g,徐勤2023第3章ID79-88
记叙描写,时间副词,本来,d,徐勤2023第3章ID61
记叙描写,时间副词,曾经,d,徐勤2023第3章ID61
记叙描写,时间副词,常常,d,徐勤2023第3章ID61
记叙描写,时间副词,重新,d,徐勤2023第3章ID61
记叙描写,时间副词,从此,d,徐勤2023第3章ID61
记叙描写,时间副词,从来,d,徐勤2023第3章ID61
记叙描写,时间副词,当时,d|t,徐勤2023第3章ID61
记叙描写,时间副词,顿时,d,徐勤2023第3章ID61
记叙描写,时间副词,方才,d|t,徐勤2023第3章ID61
记叙描写,时间副词,刚刚,d|t,徐勤2023第3章ID61
记叙描写,时间副词,忽然,d,徐勤2023第3章ID61
记叙描写,时间副词,及时,d,徐勤2023第3章ID61
记叙描写,时间副词,即将,d,徐勤2023第3章ID61
记叙描写,时间副词,渐渐,d,徐勤2023第3章ID61
记叙描写,时间副词,经常,d,徐勤2023第3章ID61
记叙描写,时间副词,立刻,d,徐勤2023第3章ID61
记叙描写,时间副词,马上,d,徐勤2023第3章ID61
记叙描写,时间副词,偶尔,d,徐勤2023第3章ID61
记叙描写,时间副词,仍然,d,徐勤2023第3章ID61
记叙描写,时间副词,时常,d,徐勤2023第3章ID61
记叙描写,时间副词,始终,d,徐勤2023第3章ID61
记叙描写,时间副词,首先,d,徐勤2023第3章ID61
记叙描写,时间副词,随后,d,徐勤2023第3章ID61
记叙描写,时间副词,往往,d,徐勤2023第3章ID61
记叙描写,时间副词,向来,d,徐勤2023第3章ID61
记叙描写,时间副词,已经,d,徐勤2023第3章ID61
记叙描写,时间副词,一直,d,徐勤2023第3章ID61
记叙描写,时间副词,有时,d,徐勤2023第3章ID61
记叙描写,时间副词,原来,d,徐勤2023第3章ID61
记叙描写,时间副词,再次,d,徐勤2023第3章ID61
记叙描写,时间副词,暂时,d,徐勤2023第3章ID61
记叙描写,时间副词,终于,d,徐勤2023第3章ID61
记叙描写,时间副词,总是,d,徐勤2023第3章ID61
记叙描写,时间副词,早就,d,徐勤2023第3章ID61
记叙描写,时间副词,正在,d,徐勤2023第3章ID61
记叙描写,时间副词,后来,d|t,徐勤2023第3章ID61
记叙描写,时间副词,以前,d|t,徐勤2023第3章ID61
记叙描写,时间副词,以后,d|t,徐勤2023第3章ID61
记叙描写,时间副词,每天,d|t,项目保守示例表v1
记叙描写,时间副词,现在,d|t,项目保守示例表v1
记叙描写,动作动词,哀叹,v,徐勤2023第3章动作动词示例
记叙描写,动作动词,唉声叹气,v|g,徐勤2023第3章动作动词示例
记叙描写,动作动词,安装,v,徐勤2023第3章动作动词示例
记叙描写,动作动词,按摩,v,徐勤2023第3章动作动词示例
记叙描写,动作动词,昂首阔步,v|g,徐勤2023第3章动作动词示例
记叙描写,动作动词,拔草,v,徐勤2023第3章动作动词示例
记叙描写,动作动词,拔除,v,徐勤2023第3章动作动词示例
记叙描写,动作动词,拔掉,v,徐勤2023第3章动作动词示例
记叙描写,动作动词,拔锚,v,徐勤2023第3章动作动词示例
记叙描写,动作动词,把守,v,徐勤2023第3章动作动词示例
记叙描写,动作动词,摆放,v,徐勤2023第3章动作动词示例
记叙描写,动作动词,摆弄,v,徐勤2023第3章动作动词示例
记叙描写,动作动词,摆手,v,徐勤2023第3章动作动词示例
记叙描写,动作动词,伴唱,v,徐勤2023第3章动作动词示例
记叙描写,动作动词,伴舞,v,徐勤2023第3章动作动词示例
记叙描写,动作动词,伴奏,v,徐勤2023第3章动作动词示例
记叙描写,动作动词,绑架,v,徐勤2023第3章动作动词示例
记叙描写,动作动词,包扎,v,徐勤2023第3章动作动词示例
记叙描写,动作动词,包装,v,徐勤2023第3章动作动词示例
记叙描写,动作动词,剥,v,徐勤2023第3章动作动词示例
记叙描写,动作动词,保管,v,徐勤2023第3章动作动词示例
记叙描写,动作动词,保卫,v,徐勤2023第3章动作动词示例
记叙描写,动作动词,抱,v,徐勤2023第3章动作动词示例
记叙描写,动作动词,刨,v,徐勤2023第3章动作动词示例
记叙描写,动作动词,背书,v,徐勤2023第3章动作动词示例
记叙描写,动作动词,背诵,v,徐勤2023第3章动作动词示例
记叙描写,动作动词,播种,v,徐勤2023第3章动作动词示例
记叙描写,动作动词,唱歌,v,徐勤2023第3章动作动词示例
记叙描写,动作动词,拆迁,v,徐勤2023第3章动作动词示例
记叙描写,动作动词,打,v,项目保守示例表v1
记叙描写,动作动词,看,v,项目保守示例表v1
记叙描写,动作动词,走,v,项目保守示例表v1
记叙描写,动作动词,跑,v,项目保守示例表v1
记叙描写,动作动词,拿,v,项目保守示例表v1
记叙描写,动作动词,放,v,项目保守示例表v1
记叙描写,动作动词,坐,v,项目保守示例表v1
记叙描写,动作动词,站,v,项目保守示例表v1
记叙描写,动作动词,吃,v,项目保守示例表v1
记叙描写,动作动词,喝,v,项目保守示例表v1
记叙描写,动作动词,写,v,项目保守示例表v1
记叙描写,动作动词,读,v,项目保守示例表v1
记叙描写,动作动词,学习,v,项目保守示例表v1
记叙描写,动作动词,工作,v,项目保守示例表v1
记叙描写,动作动词,玩,v,项目保守示例表v1
记叙描写,心理动词,认为,v,徐勤2023第3章心理动词词项
记叙描写,心理动词,相信,v,徐勤2023第3章心理动词词项
记叙描写,心理动词,以为,v,徐勤2023第3章心理动词词项
记叙描写,心理动词,怀疑,v,徐勤2023第3章心理动词词项
记叙描写,心理动词,疑惑,v,徐勤2023第3章心理动词词项
记叙描写,心理动词,推断,v,徐勤2023第3章心理动词词项
记叙描写,心理动词,推测,v,徐勤2023第3章心理动词词项
记叙描写,心理动词,想象,v,徐勤2023第3章心理动词词项
记叙描写,心理动词,思索,v,徐勤2023第3章心理动词词项
记叙描写,心理动词,看来,v,徐勤2023第3章心理动词词项
记叙描写,心理动词,觉得,v,徐勤2023第3章心理动词词项
记叙描写,心理动词,想,v,徐勤2023第3章心理动词词项
记叙描写,心理动词,希望,v,徐勤2023第3章心理动词词项
记叙描写,心理动词,喜欢,v,徐勤2023第3章心理动词词项
记叙描写,心理动词,讨厌,v,徐勤2023第3章心理动词词项
记叙描写,心理动词,担心,v,徐勤2023第3章心理动词词项
记叙描写,心理动词,记得,v,徐勤2023第3章心理动词词项
记叙描写,心理动词,忘,v,徐勤2023第3章心理动词词项
记叙描写,心理动词,明白,v,徐勤2023第3章心理动词词项
记叙描写,心理动词,知道,v,徐勤2023第3章心理动词词项
记叙描写,心理动词,认识,v,徐勤2023第3章心理动词词项
记叙描写,心理动词,理解,v,徐勤2023第3章心理动词词项
记叙描写,言说动词,说,v,徐勤2023第3章言说动词词项
记叙描写,言说动词,告诉,v,徐勤2023第3章言说动词词项
记叙描写,言说动词,问,v,徐勤2023第3章言说动词词项
记叙描写,言说动词,回答,v,徐勤2023第3章言说动词词项
记叙描写,言说动词,答复,v,徐勤2023第3章言说动词词项
记叙描写,言说动词,安慰,v,徐勤2023第3章言说动词词项
记叙描写,言说动词,劝,v,徐勤2023第3章言说动词词项
记叙描写,言说动词,叫,v,徐勤2023第3章言说动词词项
记叙描写,言说动词,喊,v,徐勤2023第3章言说动词词项
记叙描写,言说动词,谈,v,徐勤2023第3章言说动词词项
记叙描写,言说动词,介绍,v,徐勤2023第3章言说动词词项
记叙描写,言说动词,解释,v,徐勤2023第3章言说动词词项
记叙描写,言说动词,表示,v,徐勤2023第3章言说动词词项
记叙描写,程度副词,很,d,徐勤2023第3章ID32-46
记叙描写,程度副词,最,d,徐勤2023第3章ID32-46
记叙描写,程度副词,太,d,徐勤2023第3章ID32-46
记叙描写,程度副词,极,d,徐勤2023第3章ID32-46
记叙描写,程度副词,更,d,徐勤2023第3章ID32-46
记叙描写,程度副词,挺,d,徐勤2023第3章ID32-46
记叙描写,程度副词,越,d,徐勤2023第3章ID32-46
记叙描写,程度副词,十分,d,徐勤2023第3章ID32-46
记叙描写,程度副词,多么,d,徐勤2023第3章ID32-46
记叙描写,程度副词,有点儿,d,徐勤2023第3章ID32-46
记叙描写,程度副词,差不多,d,徐勤2023第3章ID32-46
记叙描写,程度副词,几乎,d,徐勤2023第3章ID32-46
记叙描写,程度副词,稍,d,徐勤2023第3章ID32-46
记叙描写,程度副词,稍微,d,徐勤2023第3章ID32-46
记叙描写,程度副词,略微,d,徐勤2023第3章ID32-46
记叙描写,程度副词,非常,d,徐勤2023第3章ID32-46
记叙描写,程度副词,分外,d,徐勤2023第3章ID32-46
记叙描写,程度副词,格外,d,徐勤2023第3章ID32-46
记叙描写,程度副词,过于,d,徐勤2023第3章ID32-46
记叙描写,程度副词,极度,d,徐勤2023第3章ID32-46
记叙描写,程度副词,极其,d,徐勤2023第3章ID32-46
记叙描写,程度副词,相当,d,徐勤2023第3章ID32-46
记叙描写,程度副词,比较,d,徐勤2023第3章ID32-46
记叙描写,程度副词,更加,d,徐勤2023第3章ID32-46
记叙描写,程度副词,越发,d,徐勤2023第3章ID32-46
记叙描写,程度副词,尤其,d,徐勤2023第3章ID32-46
记叙描写,程度副词,特别,d,徐勤2023第3章ID32-46
记叙描写,程度副词,异常,d,徐勤2023第3章ID32-46
记叙描写,程度副词,较为,d,徐勤2023第3章ID32-46
记叙描写,程度副词,极为,d,徐勤2023第3章ID32-46
记叙描写,程度副词,不大,d,徐勤2023第3章ID32-46
记叙描写,程度副词,蛮,d,徐勤2023第3章ID32-46
记叙描写,正面评价词,好,a|z|v,项目保守示例表v1
记叙描写,正面评价词,优秀,a|z|v,项目保守示例表v1
记叙描写,正面评价词,伟大,a|z|v,项目保守示例表v1
记叙描写,正面评价词,勇敢,a|z|v,项目保守示例表v1
记叙描写,正面评价词,聪明,a|z|v,项目保守示例表v1
记叙描写,正面评价词,大方,a|z|v,项目保守示例表v1
记叙描写,正面评价词,善良,a|z|v,项目保守示例表v1
记叙描写,正面评价词,热情,a|z|v,项目保守示例表v1
记叙描写,正面评价词,认真,a|z|v,项目保守示例表v1
记叙描写,正面评价词,努力,a|z|v,项目保守示例表v1
记叙描写,正面评价词,可爱,a|z|v,项目保守示例表v1
记叙描写,正面评价词,漂亮,a|z|v,项目保守示例表v1
记叙描写,正面评价词,幸福,a|z|v,项目保守示例表v1
记叙描写,正面评价词,成功,a|z|v,项目保守示例表v1
记叙描写,正面评价词,重要,a|z|v,项目保守示例表v1
记叙描写,正面评价词,有名,a|z|v,项目保守示例表v1
记叙描写,正面评价词,自信,a|z|v,项目保守示例表v1
记叙描写,正面评价词,友好,a|z|v,项目保守示例表v1
记叙描写,正面评价词,耐心,a|z|v,项目保守示例表v1
记叙描写,负面评价词,坏,a|z|v,项目保守示例表v1
记叙描写,负面评价词,懒惰,a|z|v,项目保守示例表v1
记叙描写,负面评价词,自私,a|z|v,项目保守示例表v1
记叙描写,负面评价词,粗心,a|z|v,项目保守示例表v1
记叙描写,负面评价词,冷漠,a|z|v,项目保守示例表v1
记叙描写,负面评价词,胆小,a|z|v,项目保守示例表v1
记叙描写,负面评价词,愚蠢,a|z|v,项目保守示例表v1
记叙描写,负面评价词,讨厌,a|z|v,项目保守示例表v1
记叙描写,负面评价词,难过,a|z|v,项目保守示例表v1
记叙描写,负面评价词,痛苦,a|z|v,项目保守示例表v1
记叙描写,负面评价词,失败,a|z|v,项目保守示例表v1
记叙描写,负面评价词,可怕,a|z|v,项目保守示例表v1
记叙描写,负面评价词,紧张,a|z|v,项目保守示例表v1
记叙描写,负面评价词,生气,a|z|v,项目保守示例表v1
记叙描写,负面评价词,失望,a|z|v,项目保守示例表v1
记叙描写,负面评价词,遗憾,a|z|v,项目保守示例表v1
记叙描写,负面评价词,孤独,a|z|v,项目保守示例表v1
记叙描写,负面评价词,困难,a|z|v,项目保守示例表v1
记叙描写,负面评价词,危险,a|z|v,项目保守示例表v1
记叙描写,负面评价词,严重,a|z|v,项目保守示例表v1
