对应题目,学习者代码,母语代码,维度,学习者样本量,母语样本量,学习者均值,母语均值,均值差_母语减学习者,Bootstrap95%CI下限,Bootstrap95%CI上限,Welch_t,Welch_p值,Hedges_g_母语减学习者,Hedges_g_Bootstrap95%CI下限,Hedges_g_Bootstrap95%CI上限,Holm校正p值,Holm显著
J1,J1,NJ1,词汇丰富度与词汇扩展,155,45,0.39381056294407846,0.35913248377295137,-0.034678079171127085,-0.3579255862561231,0.2902388666347063,-0.20834108881374436,0.8355789521180897,-0.03616085916186879,-0.36508952017078833,0.3187985168325694,1.0,False
J1,J1,NJ1,基础词汇与叙事推进,155,45,0.20627448546845303,0.010915580703057455,-0.19535890476539558,-0.44173162759194423,0.03599476601545488,-1.5653641861250642,0.12188290446861262,-0.2629164673615255,-0.5917458472617615,0.051306137642806705,0.6094145223430631,False
J1,J1,NJ1,人称指涉与信息密度,155,45,1.0173443146410521,0.5854925109523134,-0.43185180368873877,-0.655668982101906,-0.21288083604114252,-3.809919085155436,0.0002699540250932157,-0.5954404874429536,-0.9596983222016232,-0.28793063861092977,0.002699540250932157,True
J1,J1,NJ1,句法延展与分句复杂度,155,45,0.18194920374780582,1.417218021089746,1.2352688173419402,0.7369203716333812,1.8283829446143842,4.370363744456447,5.7691605736106734e-05,0.9667149206027671,0.6335884077240296,1.3364109265877502,0.0006346076630971741,True
J1,J1,NJ1,动作过程与动词链,155,45,-0.09871194131642919,-0.18670035256413553,-0.08798841124770634,-0.359096303173103,0.19667703786627497,-0.5919556662411036,0.5557393524907066,-0.09959101292076805,-0.4132058728834012,0.2158760067147802,1.0,False
J2,J2,NJ2,词汇丰富度与词汇扩展,155,45,0.41072669563610453,0.39383998976843515,-0.016886705867669383,-0.2795848795524034,0.24754731959682702,-0.12548501516038094,0.9004520200614579,-0.019637893408050052,-0.31466231750539103,0.30439662680294893,1.0,False
J2,J2,NJ2,基础词汇与叙事推进,155,45,1.0079626581717107,0.013005839844832097,-0.9949568183268787,-1.231789995727793,-0.7530481433613301,-8.465908231666146,2.0825187144146702e-12,-1.4227193216249,-1.8384167490519503,-1.063110369322835,4.16503742882934e-11,True
J2,J2,NJ2,人称指涉与信息密度,155,45,0.1681312663153358,0.19860564382917248,0.030474377513836692,-0.17620232327100396,0.24064869436531283,0.2838004226908776,0.7772927217641961,0.044474731441007546,-0.2630229962811804,0.3518384691571619,1.0,False
J2,J2,NJ2,句法延展与分句复杂度,155,45,-0.17844647563099675,1.6461147922815549,1.8245612679125516,1.3622185929179216,2.3109549370256923,7.508167571596512,8.331780033157078e-10,1.7517971220285158,1.4074014894045526,2.1571119410531425,1.583038206299845e-08,True
J2,J2,NJ2,动作过程与动词链,155,45,-0.5691849619079609,0.1702443287576106,0.7394292906655715,0.48492930211322205,1.0087881343515483,5.473052528608359,6.563487803482234e-07,0.9412294857896369,0.6040353650908465,1.331056396204235,8.532534144526904e-06,True
Y1,Y1,NY1,词汇丰富度与词汇扩展,155,45,-0.021998517250835188,0.4423518720882559,0.46435038933909106,0.16501890944782496,0.7624635423425443,2.9654784790903084,0.0042432168759008095,0.5440639374664643,0.19677200822684676,0.9094849422769161,0.033945735007206476,True
Y1,Y1,NY1,基础词汇与叙事推进,155,45,-0.8862949986382502,-1.4160727499462722,-0.529777751308022,-0.7105405501311416,-0.3406703964509637,-5.54884341927707,2.336624132256693e-07,-0.7757596249249473,-1.0803139271539846,-0.49169475756043474,3.5049361983850395e-06,True
Y1,Y1,NY1,人称指涉与信息密度,155,45,-1.1101387131268865,-0.8658351664317141,0.2443035466951724,0.06783973787693814,0.4194221222211886,2.6894685055314715,0.009159904465972316,0.5024648041498819,0.13876684260539757,0.9022368506118109,0.06411933126180622,False
Y1,Y1,NY1,句法延展与分句复杂度,155,45,0.13201842340746864,1.4304454760757839,1.2984270526683153,0.845398171526552,1.764728538462043,5.341114677722919,1.639201161071693e-06,1.0814853636431185,0.703552680470502,1.4965842400989746,1.967041393286032e-05,True
Y1,Y1,NY1,动作过程与动词链,155,45,0.7354628769723237,0.37307252812943215,-0.36239034884289156,-0.6727563003946818,-0.052401161073283214,-2.1521928066578386,0.03460457622393247,-0.35220319489491075,-0.6591286865873912,-0.05003556959729406,0.2076274573435948,False
Y2,Y2,NY2,词汇丰富度与词汇扩展,155,45,-0.7825387413293479,0.1603769585460591,0.9429156998754069,0.6269500603510398,1.2776107414419091,5.710384478414235,3.165495155931897e-07,1.0495165209808064,0.7060132966168053,1.4616876491707187,4.431693218304656e-06,True
Y2,Y2,NY2,基础词汇与叙事推进,155,45,-0.32794214500191393,-1.0480131919809366,-0.7200710469790226,-0.9228856398184958,-0.5131691010807566,-6.681425171324217,2.802035292526835e-09,-1.0453118287990437,-1.3537667618929403,-0.7434000534603898,5.0436635265483025e-08,True
Y2,Y2,NY2,人称指涉与信息密度,155,45,-0.07533686782950118,-0.38192129784017265,-0.3065844300106715,-0.5022345902334553,-0.11580543417508717,-3.0737346214904373,0.0028580630191424134,-0.47239093663153203,-0.7704717110190838,-0.1850989214828469,0.025722567172281722,True
Y2,Y2,NY2,句法延展与分句复杂度,155,45,-0.1355211515242777,1.1095987460460304,1.2451198975703082,0.8863601717045182,1.6242262154933198,6.379543931762616,2.6879404772904378e-08,1.2231272507715718,0.8845363096428361,1.6031190836830458,4.569498811393744e-07,True
Y2,Y2,NY2,动作过程与动词链,155,45,-0.06756597374793386,0.7310700961280188,0.7986360698759526,0.5494640481571954,1.0549263931610544,6.0537832313860145,4.9617912319610895e-08,0.9800751763441599,0.6783317027915634,1.3301613012091795,7.938865971137743e-07,True
