母语代码,对应学习者代码,对应学习者篇名,作文文件名,网页文章ID,作文题目,体裁,网站体裁,学段,年级,发布日期,来源类型,来源URL,主题匹配层级,主题匹配得分,正文汉字数,目标汉字数,目标篇幅相对偏差,目标篇幅标准差偏差,篇幅范围扩展样本,学段扩展样本,年代扩展样本,正文SHA256,审核状态
NJ1,J1,记对我影响最大的一个人,NJ1_001,2424894,八年六班的老师们,记叙文,写人作文,高中,高一,2013-04-05,作文网原创,https://www.zuowen.com/e/20130405/515e271dd1471.shtml,扩展,50,262,201,0.3034825870646766,0.7098744686002245,False,False,True,f30c99e5b280be78590f7e00f9c03e4f347fd7d087ba16a75822b90517348926,自动筛选通过，待全文人工复核
NJ1,J1,记对我影响最大的一个人,NJ1_002,2717458,我的奶奶,记叙文,写人作文,高中,高一,2014-08-26,作文网原创,https://www.zuowen.com/e/20140826/53fc446cd81ba.shtml,扩展,63,296,236,0.2542372881355932,0.698237182229729,False,False,True,79bd3e3c8b42d934a3d1654eba4c0ae7724d1a69089a5062621c0054083b9814,自动筛选通过，待全文人工复核
NJ1,J1,记对我影响最大的一个人,NJ1_003,772644,永远是朋友,记叙文,写人作文,高中,高一,2009-08-01,网络资源,https://www.zuowen.com/e/20090801/4b8bcd581e5a8.shtml,扩展,56,318,266,0.19548872180451127,0.6051388912657651,False,False,False,337b2543ac4d278362ad824b212db49079fb5c8888663d9015db74daf2d26e90,自动筛选通过，待全文人工复核
NJ1,J1,记对我影响最大的一个人,NJ1_004,1048409,语文老师——陈顺海,记叙文,写人作文,高中,高三,2009-09-26,网络资源,https://www.zuowen.com/e/20090926/4b8bd3491d7ba.shtml,扩展,53,333,278,0.19784172661870503,0.6400507503772516,False,False,False,83620472610076d7162ba88def20e8ed912761bf3608326dd54ecc60385ea084,自动筛选通过，待全文人工复核
NJ1,J1,记对我影响最大的一个人,NJ1_005,2939052,同学的关爱,记叙文,写人作文,高中,高三,2016-12-29,作文网高中作文文库（作文网原创）,https://www.zuowen.com/e/20161229/58647529dbe0f.shtml,扩展,52,341,302,0.1291390728476821,0.45385416844932386,False,False,True,f1038ccc385ab2549f9418dbe2fe328951f19da85c8f6ff7b21550e671d7a11d,自动筛选通过，待全文人工复核
NJ1,J1,记对我影响最大的一个人,NJ1_006,1103860,我的新老师,记叙文,写人作文,高中,高一,2009-10-16,本站原创,https://www.zuowen.com/e/20091016/4b8bd3da6e873.shtml,扩展,60,379,315,0.20317460317460317,0.7447863277117109,False,False,False,7f8029fa29b37e1433940207cbd4ab56650798234628579b8ad01808e2765b43,自动筛选通过，待全文人工复核
NJ1,J1,记对我影响最大的一个人,NJ1_007,879297,高中写人作文:妈妈的大嗓门(高一,记叙文,写人作文,高中,高一,2009-08-26,网络资源,https://www.zuowen.com/e/20090826/4b8bce89e8198.shtml,扩展,58,386,318,0.2138364779874214,0.7913354731936929,False,False,False,14c593804cbc5b05d101a39105fc6345917c600407e664b2e5cfd1415fb2653f,自动筛选通过，待全文人工复核
NJ1,J1,记对我影响最大的一个人,NJ1_008,1926738,朋友,记叙文,写人作文,高中,高二,2011-06-15,E度作文网原创,https://www.zuowen.com/e/20110615/4df87c03d6f6c.shtml,扩展,58,392,322,0.21739130434782608,0.8146100459346838,False,False,False,3964e388c68296d030034907b54c908eba617bd0160a924799f8910a25e199a1,自动筛选通过，待全文人工复核
NJ1,J1,记对我影响最大的一个人,NJ1_009,1021399,父亲,记叙文,写人作文,高中,高三,2009-09-21,网络资源,https://www.zuowen.com/e/20090921/4b8bd305a6a31.shtml,扩展,61,402,324,0.24074074074074073,0.9077083368986477,False,False,False,31d317ac7f068164414984785bc0fdeff823eb426c9072c80628b147e550f387,自动筛选通过，待全文人工复核
NJ1,J1,记对我影响最大的一个人,NJ1_010,960574,印象最深的老师,记叙文,写人作文,高中,高三,2009-09-08,网络资源,https://www.zuowen.com/e/20090908/4b8bcf743617d.shtml,扩展,60,403,329,0.22492401215805471,0.8611591914166657,False,False,False,4d74a1a2bef9e2ec668c67e151e27869b10024b1112b4efbdccb3baf2ff96b6a,自动筛选通过，待全文人工复核
NJ1,J1,记对我影响最大的一个人,NJ1_011,2411305,打不死的小强,记叙文,写人作文,高中,高一,2013-03-13,作文网原创,https://www.zuowen.com/e/20130313/51408377b7b34.shtml,扩展,59,406,331,0.22658610271903323,0.8727964777871612,False,False,True,934bf9da1d197d502e5769900bcd3c3280a97ada9e61614a48a9a914dbc53d9d,自动筛选通过，待全文人工复核
NJ1,J1,记对我影响最大的一个人,NJ1_012,1002762,母亲,记叙文,写人作文,高中,高二,2009-09-16,网络资源,https://www.zuowen.com/e/20090916/4b8bcfec277dd.shtml,近似,88,412,293,0.4061433447098976,1.3848370780889625,False,False,False,0bd9e1e629924f6d220fbd948484b5eec6993d5e4ac248eead0e02e3387321b8,自动筛选通过，待全文人工复核
NJ1,J1,记对我影响最大的一个人,NJ1_013,2663768,我敬佩的一个人,记叙文,写人作文,高中,高一,2014-04-23,作文网原创,https://www.zuowen.com/e/20140423/53575cfd35a23.shtml,扩展,58,419,338,0.23964497041420119,0.9426201960101341,False,False,True,d7967b47ae91d6d5e19dbe6d70a790716c25aa2905a6747069b1e1dba0456705,自动筛选通过，待全文人工复核
NJ1,J1,记对我影响最大的一个人,NJ1_014,1003391,母亲节的母亲,记叙文,写人作文,高中,高二,2009-09-16,网络资源,https://www.zuowen.com/e/20090916/4b8bcfedda54f.shtml,扩展,60,451,343,0.31486880466472306,1.2568269280135123,False,False,False,2546d83fcab1e4938e19607b5ba7b9f57a1e2a19af85ef148aa4b005180d3fd3,自动筛选通过，待全文人工复核
NJ1,J1,记对我影响最大的一个人,NJ1_015,1028907,想念海子,记叙文,写人作文,高中,高一,2009-09-22,网络资源,https://www.zuowen.com/e/20090922/4b8bd3168d566.shtml,扩展,53,455,347,0.3112391930835735,1.2568269280135123,False,False,False,711540c8c897de5f9d9a92066868b834e32682e13175e175674e0adc378fe0f7,自动筛选通过，待全文人工复核
NJ1,J1,记对我影响最大的一个人,NJ1_016,583677,相信他，我的好爸爸,记叙文,写人作文,高中,高三,2009-06-16,网络,https://www.zuowen.com/e/20090616/4b8bcb3766167.shtml,扩展,57,489,360,0.35833333333333334,1.5012099417939173,False,False,False,d3cd19ea096168bc9e486a3d737110a8a5b360669e9256fd8b496161348c03d2,自动筛选通过，待全文人工复核
NJ1,J1,记对我影响最大的一个人,NJ1_017,860389,我的爸爸,记叙文,写人作文,高中,高三,2009-08-23,网络资源,https://www.zuowen.com/e/20090823/4b8bce5526e41.shtml,扩展,61,494,365,0.35342465753424657,1.5012099417939173,False,False,False,6dc6d17b6ba3c72326f2e8487dc8024ff1d0b21e5ed7cc4cc424c60157341c71,自动筛选通过，待全文人工复核
NJ1,J1,记对我影响最大的一个人,NJ1_018,1661087,与你相邻,记叙文,写人作文,高中,高三,2010-06-13,作文网,https://www.zuowen.com/e/20100613/4c148df2d742e.shtml,精确,112,496,305,0.6262295081967213,2.2227216967646375,False,False,False,8867ac992e4924289c8b433c54ce7a39b5f2c788c08520199ed05eb5dcd0077e,自动筛选通过，待全文人工复核
NJ1,J1,记对我影响最大的一个人,NJ1_019,2212755,因为有你，我的朋友,记叙文,写人作文,高中,高二,2012-03-28,作文网原创,https://www.zuowen.com/e/20120328/4f7278f6e51d0.shtml,扩展,57,503,376,0.3377659574468085,1.4779353690529264,False,False,False,022b61cb8815615c5a4365ea76db18da640ca740aa15a39e842252dd5a15dff5,自动筛选通过，待全文人工复核
NJ1,J1,记对我影响最大的一个人,NJ1_020,2733723,职业——老师,记叙文,写人作文,高中,高二,2014-11-12,作文网原创,https://www.zuowen.com/e/20141112/546326273aad1.shtml,扩展,58,508,400,0.27,1.2568269280135123,False,False,True,d39b0bebfc9fb8b1c3985f36ff4181894317b4aef14afe2d22a6eab9945b7638,自动筛选通过，待全文人工复核
NJ1,J1,记对我影响最大的一个人,NJ1_021,2930844,我的朋友,记叙文,写人作文,高中,高二,2016-09-06,作文网高中作文文库（作文网原创）,https://www.zuowen.com/e/20160906/57ce87c652360.shtml,扩展,60,518,445,0.16404494382022472,0.8495219050461703,False,False,True,6e191cc7884b66953a713f5aabdca2404be83a481c7afdd927dc470ddf65b302,自动筛选通过，待全文人工复核
NJ1,J1,记对我影响最大的一个人,NJ1_022,1803874,兄长？老师？,记叙文,写人作文,高中,高一,2011-01-18,作文网,https://www.zuowen.com/e/20110118/4d35b6f48d8d6.shtml,扩展,57,519,396,0.3106060606060606,1.4313862235709445,False,False,False,ad3f36ceb64d0d0684dad45d6651511b4380c97b01c05362e5d3cd9e8e1a270d,自动筛选通过，待全文人工复核
NJ1,J1,记对我影响最大的一个人,NJ1_023,2659048,母爱似海,记叙文,写人作文,高中,高一,2014-04-17,作文网原创,https://www.zuowen.com/e/20140417/534fe27cb2d6a.shtml,扩展,58,521,413,0.26150121065375304,1.2568269280135123,False,False,True,e94e0e801f6bbd02df60302ac964ed2159729967980430d56d024eb8c0d28e67,自动筛选通过，待全文人工复核
NJ1,J1,记对我影响最大的一个人,NJ1_024,861987,蓝色的伞,记叙文,写人作文,高中,高二,2009-08-23,网络资源,https://www.zuowen.com/e/20090823/4b8bce59c236f.shtml,扩展,58,535,411,0.30170316301703165,1.44302350994144,False,False,False,342306e3a12f4abeb732a8dbcf179fb96e9405814aed6531a82557aaef5d13b9,自动筛选通过，待全文人工复核
NJ1,J1,记对我影响最大的一个人,NJ1_025,1473525,触动心灵的爱,记叙文,写人作文,高中,高一,2010-04-09,作文网,https://www.zuowen.com/e/20100409/4bbea5eb0e860.shtml,扩展,57,540,415,0.30120481927710846,1.4546607963119353,False,False,False,484383437d904020ffdd49cdb88861fd069950383528c5b4059e31a8b7a40794,自动筛选通过，待全文人工复核
NJ1,J1,记对我影响最大的一个人,NJ1_026,2929895,[母亲节征文]我的天使母亲,记叙文,写人作文,高中,高二,2016-09-06,作文网高中作文文库（作文网原创）,https://www.zuowen.com/e/20160906/57ce760f3f6c2.shtml,扩展,60,546,487,0.12114989733059549,0.6865998958592335,False,False,True,94b1e6b57c3309f22012e97daa8fe6408aeeb08a3e683a94d083ee7fd4463290,自动筛选通过，待全文人工复核
NJ1,J1,记对我影响最大的一个人,NJ1_027,860348,我的妈妈,记叙文,写人作文,高中,高三,2009-08-23,网络资源,https://www.zuowen.com/e/20090823/4b8bce5508b78.shtml,扩展,64,548,428,0.2803738317757009,1.396474364459458,False,False,False,9e97e24f940ca14123af7f98002dd983fcfc823325b7083c2e4bcba49367f461,自动筛选通过，待全文人工复核
NJ1,J1,记对我影响最大的一个人,NJ1_028,863584,再次站起来,记叙文,写人作文,高中,高三,2009-08-24,网络资源,https://www.zuowen.com/e/20090824/4b8bce5e8e15b.shtml,扩展,58,548,431,0.271461716937355,1.3615625053479716,False,False,False,a703017fd987ec6da22c61faec7e683a2a31720d54d61bbc388092a2ad1d767c,自动筛选通过，待全文人工复核
NJ1,J1,记对我影响最大的一个人,NJ1_029,863645,妈妈送的三句话,记叙文,写人作文,高中,高三,2009-08-24,网络资源,https://www.zuowen.com/e/20090824/4b8bce5eb2b82.shtml,扩展,57,548,442,0.2398190045248869,1.2335523552725212,False,False,False,ba7fb14905e1fed38f4da05bb83121c6b6182453f8d5ce7188e2ac6e106ec5ef,自动筛选通过，待全文人工复核
NJ1,J1,记对我影响最大的一个人,NJ1_030,502421,父亲不知道,记叙文,写人作文,高中,高三,2009-05-19,网络资源,https://www.zuowen.com/e/20090519/4b8bca48d0735.shtml,扩展,53,553,448,0.234375,1.2219150689020257,False,False,False,40e9f6bed69c34f964e1cba1f2910003bfec7de8059cb46f67201dc70f532151,自动筛选通过，待全文人工复核
NJ1,J1,记对我影响最大的一个人,NJ1_031,967157,我的母亲,记叙文,写人作文,高中,高三,2009-09-09,网络资源,https://www.zuowen.com/e/20090909/4b8bcf86d4629.shtml,扩展,61,564,456,0.23684210526315788,1.2568269280135123,False,False,False,b9d27a71862a2b973b1512abb92a57b317c32132ec169e292d4fdb23ede27001,自动筛选通过，待全文人工复核
NJ1,J1,记对我影响最大的一个人,NJ1_032,1030981,走进老师,记叙文,写人作文,高中,高三,2009-09-22,网络资源,https://www.zuowen.com/e/20090922/4b8bd31bf2eef.shtml,扩展,61,565,463,0.2203023758099352,1.1870032097905392,False,False,False,60d9c4c2a4350a36e03a3fbdf02c807a6ae657ae0ec7d5621a688d05a0ef4e4a,自动筛选通过，待全文人工复核
NJ1,J1,记对我影响最大的一个人,NJ1_033,983928,母亲的眼泪,记叙文,写人作文,高中,高二,2009-09-12,网络资源,https://www.zuowen.com/e/20090912/4b8bcfb6cba77.shtml,扩展,63,568,472,0.2033898305084746,1.1171794915675664,False,False,False,9375860485b30a0ccf1f2ff568cee06abd66554af3a508ed93dcf072b215ff7c,自动筛选通过，待全文人工复核
NJ1,J1,记对我影响最大的一个人,NJ1_034,947577,一瞬间的友谊,记叙文,写人作文,高中,高三,2009-09-06,网络资源,https://www.zuowen.com/e/20090906/4b8bcf50e4a7a.shtml,近似,84,596,382,0.5602094240837696,2.490379283286033,False,False,False,8e46cf20a005dd266f6216bd2ee54728ac7ed25726980168f1ce8200f4ed555c,自动筛选通过，待全文人工复核
NJ1,J1,记对我影响最大的一个人,NJ1_035,2944254,我有一个榜样,记叙文,写人作文,高中,高一,2017-04-18,作文网高中作文文库（作文网原创）,https://www.zuowen.com/e/20170418/58f5a3acafabd.shtml,近似,86,604,435,0.38850574712643676,1.9667013966137366,False,False,True,69a7f09a155369a6877248749a1beaae388b675e75d2989706b7ed2eef8666f5,自动筛选通过，待全文人工复核
NJ1,J1,记对我影响最大的一个人,NJ1_036,778928,妈妈的患者,记叙文,写人作文,高中,高三,2009-08-04,网络资源,https://www.zuowen.com/e/20090804/4b8bcd6a549ec.shtml,近似,86,605,391,0.5473145780051151,2.490379283286033,False,False,False,07350fe89e70e7b01894c95dc224396e54cc34573152c8937ba56f1bc99b844f,自动筛选通过，待全文人工复核
NJ1,J1,记对我影响最大的一个人,NJ1_037,1002999,爸爸的来信,记叙文,写人作文,高中,高二,2009-09-16,网络资源,https://www.zuowen.com/e/20090916/4b8bcfecc6b7b.shtml,扩展,58,605,497,0.21730382293762576,1.2568269280135123,False,False,False,8ca1b6d64d0487bdd4aa15e4195e3201517e297f00671a58b1b0b70301cfd6b6,自动筛选通过，待全文人工复核
NJ1,J1,记对我影响最大的一个人,NJ1_038,2172734,他,记叙文,写人作文,高中,高二,2012-02-01,作文网原创,https://www.zuowen.com/e/20120201/4f28bbb871df9.shtml,扩展,59,613,513,0.1949317738791423,1.1637286370495483,False,False,False,2e138894af7a59f5a6eda9986aa531f1a559a3cfcf75c0a45a1fb850780932cf,自动筛选通过，待全文人工复核
NJ1,J1,记对我影响最大的一个人,NJ1_039,870634,想起奶奶,记叙文,写人作文,高中,高二,2009-08-25,网络资源,https://www.zuowen.com/e/20090825/4b8bce72e4555.shtml,近似,87,618,404,0.5297029702970297,2.490379283286033,False,False,False,f12e2d8099e2bc13fedeeba0c98794367954b0cb2f689e39ff16c806448c3b09,自动筛选通过，待全文人工复核
NJ1,J1,记对我影响最大的一个人,NJ1_040,2922274,影响,记叙文,写人作文,高中,高一,2016-06-27,作文网原创,https://www.zuowen.com/e/20160627/5771006e29cab.shtml,精确,117,627,376,0.6675531914893617,2.9209588789943663,False,False,True,0a849c53bbc1aac5f281bc8de6240868298e2c6f89f09ddffd0738ee472e7a5b,自动筛选通过，待全文人工复核
NJ1,J1,记对我影响最大的一个人,NJ1_041,1794789,恩师,记叙文,写人作文,高中,高一,2010-12-27,作文网,https://www.zuowen.com/e/20101227/4d1848356dd20.shtml,精确,117,645,374,0.7245989304812834,3.153704606404276,False,False,False,b0c8fcb33d3e27fc57e0faa9cb1a448140621afc2a35b096258802dde6dc8191,自动筛选通过，待全文人工复核
NJ1,J1,记对我影响最大的一个人,NJ1_042,980943,妈妈,记叙文,写人作文,高中,高二,2009-09-11,网络资源,https://www.zuowen.com/e/20090911/4b8bcfae50332.shtml,扩展,61,665,557,0.19389587073608616,1.2568269280135123,False,False,False,91a40a383a1078fa0f4f35c677a2d4a5efe146e390f0d68d32680d1b643c9f90,自动筛选通过，待全文人工复核
NJ1,J1,记对我影响最大的一个人,NJ1_043,987594,母亲节,记叙文,写人作文,高中,高二,2009-09-13,网络资源,https://www.zuowen.com/e/20090913/4b8bcfc1c01a8.shtml,扩展,63,665,535,0.24299065420560748,1.5128472281644127,False,False,False,6f2abfde9bd73e088dd27909399f06ac03840a42dcfcaeaf423a41a0cc156676,自动筛选通过，待全文人工复核
NJ1,J1,记对我影响最大的一个人,NJ1_044,868147,我的两位母亲,记叙文,写人作文,高中,高二,2009-08-24,网络资源,https://www.zuowen.com/e/20090824/4b8bce6c10e30.shtml,扩展,61,672,586,0.14675767918088736,1.0008066278626115,False,False,False,e1970d0da8e7b17ce1b73671b22b18acaa645902093797be87ff5f60beab1af5,自动筛选通过，待全文人工复核
NJ1,J1,记对我影响最大的一个人,NJ1_045,2506157,当姐姐的感觉,记叙文,写人作文,高中,高一,2013-08-15,作文网原创,https://www.zuowen.com/e/20130815/520ce42100b7c.shtml,精确,111,752,483,0.556935817805383,3.130430033663285,True,False,True,a87375f0e7166bdf4d9cd4f37e9cb18cdc94fb0f132fd458ca4fad6cd880b035,自动筛选通过，待全文人工复核
NJ2,J2,我的一个假期,NJ2_001,2779947,初三的阳光,记叙文,叙事作文,高中,高一,2015-07-14,作文网原创,https://www.zuowen.com/e/20150714/55a4b24ea0107.shtml,宽泛,36,236,204,0.1568627450980392,0.3887150938268874,False,False,True,54ebcb2e56b982099e0cc9a7b38c153aae87b681c974a39c035dee887a0b2e4d,自动筛选通过，待全文人工复核
NJ2,J2,我的一个假期,NJ2_002,2748665,记忆是美好的,记叙文,叙事作文,高中,高一,2015-02-13,作文网原创,https://www.zuowen.com/e/20150213/54dd71c6bc82c.shtml,宽泛,39,314,296,0.060810810810810814,0.21865224027762417,False,False,True,0acf2f043c5c62aebd8bce16eb7c57b3c9bb46d472ef83108bc5bffeaf0fd209,自动筛选通过，待全文人工复核
NJ2,J2,我的一个假期,NJ2_003,2309825,在快乐中成长,记叙文,叙事作文,高中,高三,2012-08-27,作文网原创,https://www.zuowen.com/e/20120827/503afa992eeba.shtml,宽泛,31,327,287,0.13937282229965156,0.4858938672836092,False,False,False,f4b94305368b00bdb9097af8cf854a4047976b9a4e4b3c82b8487713421a4006,自动筛选通过，待全文人工复核
NJ2,J2,我的一个假期,NJ2_004,2886651,2016寒假社会实践报告,记叙文,叙事作文,高中,高一,2016-02-14,作文网原创,https://www.zuowen.com/e/20160214/56c08038b4bea.shtml,近似,78,343,233,0.4721030042918455,1.3362081350299253,False,False,True,22e91e941b3844c60f3ddabd9ad4a922d1b1e7d9376309649ed9bcf92f6a525d,自动筛选通过，待全文人工复核
NJ2,J2,我的一个假期,NJ2_005,3098564,我的假期生活,记叙文,叙事作文,高中,高一,2020-09-08,网络资源,https://www.zuowen.com/e/20200908/5f5744ab3d019.shtml,精确,121,403,247,0.631578947368421,1.894986082406076,False,False,True,b381af304072968d6672420448333c40bc9c1263fd6ade6e1f17e8a9390b17f9,自动筛选通过，待全文人工复核
NJ2,J2,我的一个假期,NJ2_006,1230474,人教版高中第一册三单元作文：我的假期生活（3）,记叙文,,高中,未标注,2009-11-19,网络资源,https://www.zuowen.com/e/20091119/4b8bd529b84aa.shtml,精确,120,414,256,0.6171875,1.9192807757702566,False,False,False,5d4f2d2aecbd734e8413505fef40427c6d97f2960efbb49aa2d01f7bb74874f9,自动筛选通过，待全文人工复核
NJ2,J2,我的一个假期,NJ2_007,1230447,人教版高中第一册三单元作文：我的假期生活（2）,记叙文,,高中,未标注,2009-11-19,网络资源,https://www.zuowen.com/e/20091119/4b8bd529a5364.shtml,精确,121,454,276,0.644927536231884,2.162227709412061,False,False,False,788bdbfc0b75bc186e35eac047e9c96a0e470a897e4bce1a9fcae0e846e81843,自动筛选通过，待全文人工复核
NJ2,J2,我的一个假期,NJ2_008,1657619,人教版高中第二册第二单元作文：令我难忘的一件事,记叙文,,高中,未标注,2010-06-10,百度文库,https://www.zuowen.com/e/20100610/4c1096a39a5c6.shtml,宽泛,32,471,339,0.3893805309734513,1.6034497620359105,False,False,False,6e71a43558a05320d9eb43c5bdc54aea0b1d4bb9c7e7e255645f791faa15e334,自动筛选通过，待全文人工复核
NJ2,J2,我的一个假期,NJ2_009,2310766,爱,记叙文,叙事作文,高中,高三,2012-08-28,作文网原创,https://www.zuowen.com/e/20120828/503ba74c18297.shtml,宽泛,37,480,325,0.47692307692307695,1.8828387357239857,False,False,False,acf7ea0e1ac859109b1bbf1057e8da66b23c9b4f6417e2a86cd1b86ee081d7dd,自动筛选通过，待全文人工复核
NJ2,J2,我的一个假期,NJ2_010,1258756,人教版高中第三册四单元作文：一次难忘的飞机旅行,记叙文,,高中,未标注,2009-06-28,网络,https://www.zuowen.com/e/20090628/4b8bd57953348.shtml,扩展,49,486,315,0.5428571428571428,2.0771962826374297,False,False,False,e388d8390aa94bad73ede22edddd2e97ec60fd4b1b091b39009686abb8d73ab9,自动筛选通过，待全文人工复核
NJ2,J2,我的一个假期,NJ2_011,1657911,人教版高中第六册三单元作文：一件难忘的事（1）,记叙文,,高中,未标注,2010-06-10,作文网,https://www.zuowen.com/e/20100610/4c10af4ca7d19.shtml,宽泛,32,490,361,0.3573407202216066,1.56700772198964,False,False,False,1e4176917b5a9c28dff9c6577d3903f50d1b198d54cc9c7dbbbc4b98e1d97c29,自动筛选通过，待全文人工复核
NJ2,J2,我的一个假期,NJ2_012,968123,快乐的春游,记叙文,叙事作文,高中,高二,2009-09-09,网络资源,https://www.zuowen.com/e/20090909/4b8bcf895df90.shtml,扩展,52,500,306,0.6339869281045751,2.3565852563255048,False,False,False,38da9acb22a61e966cc28fc05832c1323477489c80a61fcde1e6f176595e56ea,自动筛选通过，待全文人工复核
NJ2,J2,我的一个假期,NJ2_013,983456,初中生活的回忆,记叙文,叙事作文,高中,高二,2009-09-12,网络资源,https://www.zuowen.com/e/20090912/4b8bcfb56d4e5.shtml,宽泛,36,508,330,0.5393939393939394,2.162227709412061,False,False,False,d1f497c3a009573cde37836a8d245f1d0c11292121b371e4fd1d0fbab40603ea,自动筛选通过，待全文人工复核
NJ2,J2,我的一个假期,NJ2_014,1050759,有故事的人,记叙文,叙事作文,高中,高三,2009-09-27,网络资源,https://www.zuowen.com/e/20090927/4b8bd34f5fafa.shtml,宽泛,34,509,332,0.5331325301204819,2.150080362729971,False,False,False,f6b47412f1faccaa41eab1ab1e40546a13c09aee36616b8a2051e7afb9a27825,自动筛选通过，待全文人工复核
NJ2,J2,我的一个假期,NJ2_015,1083589,现在的我们,记叙文,叙事作文,高中,高三,2009-10-10,网络资源,https://www.zuowen.com/e/20091010/4b8bd3a8384bf.shtml,近似,80,513,300,0.71,2.587384843285219,False,False,False,1bad666b996f6f80cb3c1048a228d48ae5d4397fb21a30526f12e7920f362e51,自动筛选通过，待全文人工复核
NJ2,J2,我的一个假期,NJ2_016,1097044,难忘的小学生活,记叙文,叙事作文,高中,高三,2009-10-14,网络资源,https://www.zuowen.com/e/20091014/4b8bd3cc9d7fe.shtml,宽泛,31,520,336,0.5476190476190477,2.2351117895046024,False,False,False,6c71b21c675849eeaad3dd249f3f43c194947d4cd0916ee77c86ea008b5b3c61,自动筛选通过，待全文人工复核
NJ2,J2,我的一个假期,NJ2_017,966936,记忆的深处,记叙文,叙事作文,高中,高二,2009-09-09,网络资源,https://www.zuowen.com/e/20090909/4b8bcf86565c2.shtml,宽泛,34,545,355,0.5352112676056338,2.307995869597144,False,False,False,3c6668c890e834f1e2cdc9621aa5cb8fdf49932d5739742c6595aa0fce6821b9,自动筛选通过，待全文人工复核
NJ2,J2,我的一个假期,NJ2_018,1041641,美好的回忆,记叙文,叙事作文,高中,高三,2009-09-24,网络资源,https://www.zuowen.com/e/20090924/4b8bd3398f474.shtml,宽泛,43,571,364,0.5686813186813187,2.514500763192678,False,False,False,e8aea243ea9bcf2b98264069ef0404ba827e3f2dfbc905cb2b1dc201d99c1ef1,自动筛选通过，待全文人工复核
NJ2,J2,我的一个假期,NJ2_019,2787160,在 汗 水 中 成 长 ——军训感悟,记叙文,叙事作文,高中,高一,2015-09-07,作文网原创,https://www.zuowen.com/e/20150907/55ed4aa510232.shtml,宽泛,38,577,382,0.5104712041884817,2.368732603007595,False,False,True,a7c39ee6f873e7344950e9ff032e7caa8415022071b4e0f9f713a751f4e9e6af,自动筛选通过，待全文人工复核
NJ2,J2,我的一个假期,NJ2_020,1753632,师恩难忘,记叙文,叙事作文,高中,高三,2010-09-27,作文网,https://www.zuowen.com/e/20100927/4ca06d90689c5.shtml,宽泛,29,585,369,0.5853658536585366,2.62382688333149,False,False,False,fd157a779556755cd13d6ee10bf416180ac54c01dc2c31c42f86102d7bdf409a,自动筛选通过，待全文人工复核
NJ2,J2,我的一个假期,NJ2_021,2929083,庆第30个教师节，记难忘的夜自修,记叙文,叙事作文,高中,高一,2016-09-06,作文网高中作文文库（作文网原创）,https://www.zuowen.com/e/20160906/57ce6bd92dc6c.shtml,宽泛,41,589,405,0.454320987654321,2.2351117895046024,False,False,True,036acb9fa3128aec938c206cca9eaeaeb702a9c131570bfd91113f8971ff5dc2,自动筛选通过，待全文人工复核
NJ2,J2,我的一个假期,NJ2_022,3082275,人教版高中第一册四单元作文：一件难忘的事,记叙文,,高中,未标注,2020-05-20,本站原创,https://www.zuowen.com/e/20200520/5ec52205a0357.shtml,宽泛,28,592,434,0.3640552995391705,1.9192807757702566,False,False,True,a3915968a6816f7546b730f1757f1051e3c2fe249e3cfa176425242971327a2d,自动筛选通过，待全文人工复核
NJ2,J2,我的一个假期,NJ2_023,3082283,人教版高中第一册四单元作文：难忘的一件事,记叙文,,高中,未标注,2020-05-20,本站原创,https://www.zuowen.com/e/20200520/5ec523a6494d5.shtml,宽泛,36,602,450,0.3377777777777778,1.8463966956777151,False,False,True,7d7d9884b5232c8593acf722291cdd3f15f94fb8e2235f776f291c4f5eb16165,自动筛选通过，待全文人工复核
NJ2,J2,我的一个假期,NJ2_024,1031173,泛潮的记忆,记叙文,叙事作文,高中,高二,2009-09-22,网络资源,https://www.zuowen.com/e/20090922/4b8bd31c85984.shtml,宽泛,35,606,382,0.5863874345549738,2.7210056567882117,False,False,False,ac1a15ce1cb43bf9ee1492b32ad1777773e3dbad087fa84e30b611432abaf1b9,自动筛选通过，待全文人工复核
NJ2,J2,我的一个假期,NJ2_025,2119070,父爱伴随我成长,记叙文,叙事作文,高中,高三,2011-11-14,作文网原创,https://www.zuowen.com/e/20111114/4ec0715b1d94d.shtml,宽泛,26,608,386,0.5751295336787565,2.696710963424031,False,False,False,4162814a54827926fa9104199bf06740a79552cff5d2d88673225eb0407dc158,自动筛选通过，待全文人工复核
NJ2,J2,我的一个假期,NJ2_026,1435668,难忘的经历,记叙文,叙事作文,高中,高三,2010-02-11,本站原创,https://www.zuowen.com/e/20100211/4b8bd73d3f59a.shtml,宽泛,44,611,395,0.5468354430379747,2.62382688333149,False,False,False,208cccc9915fb3a6caa9898aa12b371b53c04f66894db6b21318d7e9b2d61e92,自动筛选通过，待全文人工复核
NJ2,J2,我的一个假期,NJ2_027,986946,难忘记,记叙文,叙事作文,高中,高二,2009-09-13,网络资源,https://www.zuowen.com/e/20090913/4b8bcfc03354e.shtml,宽泛,40,614,399,0.5388471177944862,2.6116795366493997,False,False,False,91c0f6f78f5bf1f7d89d2752b85dddb920559bbf6653c336359f3a72dc099df5,自动筛选通过，待全文人工复核
NJ2,J2,我的一个假期,NJ2_028,1097024,暑假的故事,记叙文,叙事作文,高中,高三,2009-10-14,网络资源,https://www.zuowen.com/e/20091014/4b8bd3cc8f556.shtml,近似,79,636,319,0.9937304075235109,3.8507088982226034,False,False,False,f44424f9131a15c8a70f1d002936a3fd4180835c692c0ac166b2ebd124f6c353,自动筛选通过，待全文人工复核
NJ2,J2,我的一个假期,NJ2_029,2119071,回家变得好奢侈,记叙文,叙事作文,高中,高三,2011-11-14,作文网原创,https://www.zuowen.com/e/20111114/4ec0715c271e6.shtml,宽泛,36,640,410,0.5609756097560976,2.793889736880753,False,False,False,dfcb967d8a29f7c1a15c1af2acb6172fd9381319c1c6af45842de1948bed8a77,自动筛选通过，待全文人工复核
NJ2,J2,我的一个假期,NJ2_030,2479924,回忆过去，把握现在，展望未来,记叙文,叙事作文,高中,高一,2013-07-01,作文网原创,https://www.zuowen.com/e/20130701/51d118e46429f.shtml,宽泛,37,653,415,0.5734939759036145,2.891068510337475,False,False,True,736c7510d994f0aecae72d1779615db7808cc62b0d100845d5887975645c62a8,自动筛选通过，待全文人工复核
NJ2,J2,我的一个假期,NJ2_031,1320312,人教版高中第五册二单元作文：“十”的五天经历,记叙文,,高中,未标注,2009-12-16,网络资源,https://www.zuowen.com/e/20091216/4b8bd612ed24d.shtml,宽泛,32,664,436,0.5229357798165137,2.769595043516573,False,False,False,1441a0de616ca12938d5e9da939a2b6c9e5afd500cc478b57848484ea396d8ad,自动筛选通过，待全文人工复核
NJ2,J2,我的一个假期,NJ2_032,3098587,经历是一种收获,记叙文,叙事作文,高中,高一,2020-09-08,网络资源,https://www.zuowen.com/e/20200908/5f57457309bdd.shtml,宽泛,37,667,443,0.5056433408577878,2.7210056567882117,False,False,True,ae85b3ad8ecd35003734cb1d9275d795bfbc8d908528fea801f9d82c70ee5234,自动筛选通过，待全文人工复核
NJ2,J2,我的一个假期,NJ2_033,987621,经历,记叙文,叙事作文,高中,高二,2009-09-13,网络资源,https://www.zuowen.com/e/20090913/4b8bcfc1da791.shtml,宽泛,34,669,423,0.5815602836879432,2.988247283794197,False,False,False,b0390449212c90719086b0e9da9f6ecb3d007cc5bd3d9d958ce1c0a550e0888a,自动筛选通过，待全文人工复核
NJ2,J2,我的一个假期,NJ2_034,2741156,生活·挫折,记叙文,叙事作文,高中,高一,2014-12-28,作文网原创,https://www.zuowen.com/e/20141228/549fe69fce90e.shtml,宽泛,39,678,426,0.5915492957746479,3.061131363886738,False,False,True,f5e09abd693e476186d72a7d83dec36f52e4555a496b1980a42c15c1d0a11430,自动筛选通过，待全文人工复核
NJ2,J2,我的一个假期,NJ2_035,1320302,人教版高中第五册二单元作文：我的一次经历,记叙文,,高中,未标注,2009-12-16,网络资源,https://www.zuowen.com/e/20091216/4b8bd612e6659.shtml,宽泛,27,684,461,0.4837310195227766,2.7088583101061214,False,False,False,948df9afef5f1d56d2769bfa3768345a760c986ba7baed67dc07a1ee6b22efc8,自动筛选通过，待全文人工复核
NJ2,J2,我的一个假期,NJ2_036,2574551,让我难忘的一件事,记叙文,叙事作文,高中,高一,2013-12-11,作文网原创,https://www.zuowen.com/e/20131211/52a804ddb5678.shtml,宽泛,32,689,432,0.5949074074074074,3.1218680972971895,False,False,True,9189f840aa367c87af01d1179f5d76d87e99469a6688934819f37687e36e1cab,自动筛选通过，待全文人工复核
NJ2,J2,我的一个假期,NJ2_037,1990422,这个暑假真高兴,记叙文,叙事作文,高中,高三,2011-07-28,作文网原创,https://www.zuowen.com/e/20110728/4e3118899a264.shtml,近似,98,710,345,1.0579710144927537,4.4337815389629345,False,False,False,80fbfb380647405ebaa747b2ea90e378bbc74ea3bcf5d27c78e88cc1bce3f6b7,自动筛选通过，待全文人工复核
NJ2,J2,我的一个假期,NJ2_038,1230493,人教版高中第一册三单元作文：我的假期生活（4）,记叙文,,高中,未标注,2009-11-19,网络资源,https://www.zuowen.com/e/20091119/4b8bd529c5738.shtml,精确,123,717,349,1.0544412607449856,4.470223579009205,False,False,False,dd97e718bd7e0549928b8e45cff5effa38feeb118f3b3c6f8f8b11526dac5520,自动筛选通过，待全文人工复核
NJ2,J2,我的一个假期,NJ2_039,1028126,旅游记,记叙文,叙事作文,高中,高一,2009-09-22,网络资源,https://www.zuowen.com/e/20090922/4b8bd314955af.shtml,扩展,57,729,391,0.8644501278772379,4.105803178546498,False,False,False,833497910b170148502b9d7f1d3b5b18da44465d51924378e48a57b6da448aea,自动筛选通过，待全文人工复核
NJ2,J2,我的一个假期,NJ2_040,1657914,人教版高中第六册三单元作文：一件难忘的事（2）,记叙文,,高中,未标注,2010-06-10,作文网,https://www.zuowen.com/e/20100610/4c10afa141bb8.shtml,宽泛,39,734,478,0.5355648535564853,3.1097207506150992,False,False,False,c2ab738b65d20a09c757affd9d5c6256b39ff05edc020e6b1243c6f65c226152,自动筛选通过，待全文人工复核
NJ2,J2,我的一个假期,NJ2_041,3059459,难忘的一次过桥经历,记叙文,叙事作文,高中,高一,2020-02-25,网络资源,https://www.zuowen.com/e/20200225/5e55057a27cf5.shtml,宽泛,43,736,472,0.559322033898305,3.206899524071821,False,False,True,728521bac1be121ddf5c15ff672d80f119b618e0d6a9baa043dba7001778d61f,自动筛选通过，待全文人工复核
NJ2,J2,我的一个假期,NJ2_042,3083586,人教版高中第五册二单元作文：这件事令我难忘,记叙文,,高中,未标注,2020-05-23,网络资源,https://www.zuowen.com/e/20200523/5ec88cab74fca.shtml,宽泛,41,738,495,0.4909090909090909,2.951805243747926,False,False,True,3aba0c51342227eef7a67ba38ca716850e88835ebe66fc257a27e54366796827,自动筛选通过，待全文人工复核
NJ2,J2,我的一个假期,NJ2_043,983533,故事,记叙文,叙事作文,高中,高二,2009-09-12,网络资源,https://www.zuowen.com/e/20090912/4b8bcfb5a4faf.shtml,宽泛,31,747,455,0.6417582417582418,3.5470252311703474,False,False,False,4e5e44d9f39b197564028822b63877be536a7c472509072011e80c0161154e4f,自动筛选通过，待全文人工复核
NJ2,J2,我的一个假期,NJ2_044,3082582,人教版高中第三册一单元作文：不经历风雨怎么见彩虹,记叙文,,高中,未标注,2020-05-21,本站原创,https://www.zuowen.com/e/20200521/5ec608b9b3380.shtml,宽泛,37,752,553,0.35985533453887886,2.417321989735956,True,False,True,7b7349084b8c721f361620eac91fa8a85ba19b7b2fba5e08000acc2a2c0bcd81,自动筛选通过，待全文人工复核
NJ2,J2,我的一个假期,NJ2_045,3082207,人教版高中第一册三单元作文：你是难忘的友情,记叙文,,高中,未标注,2020-05-20,本站原创,https://www.zuowen.com/e/20200520/5ec4fed7514cb.shtml,宽泛,37,764,574,0.3310104529616725,2.307995869597144,True,False,True,0c402c0c89625075ce81010d040c8cbc2c6846fb7e862d61d533fc269df58c3c,自动筛选通过，待全文人工复核
NY1,Y1,吸烟对个人健康和公众利益的影响,NY1_001,857359,学会尊重,议论文,议论文,高中,高二,2009-08-22,网络资源,https://www.zuowen.com/e/20090822/4b8bce4bdfab7.shtml,宽泛,43,367,226,0.6238938053097345,2.1453715584130806,False,False,False,3d7d275783bcc220a903f001ea62f79de12a3aaaddaa391ac4149e672ec7b884,自动筛选通过，待全文人工复核
NY1,Y1,吸烟对个人健康和公众利益的影响,NY1_002,1032239,成功的公式,议论文,议论文,高中,高三,2009-09-22,网络资源,https://www.zuowen.com/e/20090922/4b8bd31faf9a4.shtml,宽泛,32,416,256,0.625,2.434464179759524,False,False,False,e752ed9607fdc910c79fd93c4c9adb0dadecfdebc1351766d90b25786c48c732,自动筛选通过，待全文人工复核
NY1,Y1,吸烟对个人健康和公众利益的影响,NY1_003,1333406,背着责任上路,议论文,议论文,高中,高一,2009-12-20,本站原创,https://www.zuowen.com/e/20091220/4b8bd6340012e.shtml,宽泛,41,431,262,0.6450381679389313,2.571402789870997,False,False,False,d397b225566ef75ec6e261d19fef1290963c410af1db86969c1407ec5be7b9a8,自动筛选通过，待全文人工复核
NY1,Y1,吸烟对个人健康和公众利益的影响,NY1_004,1010484,到底是谁的责任,议论文,议论文,高中,高一,2009-09-18,网络资源,https://www.zuowen.com/e/20090918/4b8bd00205f1b.shtml,宽泛,34,433,269,0.6096654275092936,2.495325784253512,False,False,False,a1f739deac6cd43776aa5a57d3b574562e66ba1f54b0854307367053f18a4e10,自动筛选通过，待全文人工复核
NY1,Y1,吸烟对个人健康和公众利益的影响,NY1_005,761848,良知·净土,议论文,议论文,高中,高一,2009-07-30,网络资源,https://www.zuowen.com/e/20090730/4b8bcd3866e4e.shtml,宽泛,32,456,276,0.6521739130434783,2.7387722022294643,False,False,False,45e6fb1dfc2f3f4b3e745714d7192a13a6a2eb8c9b2a46ac546db46fef79aa08,自动筛选通过，待全文人工复核
NY1,Y1,吸烟对个人健康和公众利益的影响,NY1_006,2391967,关注中小学生恋爱,议论文,议论文,高中,高三,2013-01-31,作文网原创,https://www.zuowen.com/e/20130131/510a61a7b15c6.shtml,宽泛,39,457,299,0.5284280936454849,2.4040333775125298,False,False,True,e2acf86d0c0fc78996c7136777fe8f5a82940abd86259c12635f988b38246922,自动筛选通过，待全文人工复核
NY1,Y1,吸烟对个人健康和公众利益的影响,NY1_007,3036203,高二议论文作文：宽容之心，成就美丽人生,议论文,议论文,高中,高二,2019-09-10,网络资源,https://www.zuowen.com/e/20190910/5d77911c188a0.shtml,宽泛,38,472,312,0.5128205128205128,2.434464179759524,False,False,True,333cffac8c503589f77bc7ad4742b9ffa1fd5c3e0d9fb787cd41dd23fd62a546,自动筛选通过，待全文人工复核
NY1,Y1,吸烟对个人健康和公众利益的影响,NY1_008,2965988,尊重权威，保持自我,议论文,议论文,高中,高三,2018-03-01,作文网高中作文文库（作文网原创）,https://www.zuowen.com/e/20180301/5a97594e5c85d.shtml,宽泛,32,475,311,0.5273311897106109,2.495325784253512,False,False,True,58f24b5754dd45a0c74dcad2f2e26ed8e8d1b9e380e368341ff6e1aee6229f5b,自动筛选通过，待全文人工复核
NY1,Y1,吸烟对个人健康和公众利益的影响,NY1_009,987458,从弗兰克的责任谈起,议论文,议论文,高中,高二,2009-09-13,网络资源,https://www.zuowen.com/e/20090913/4b8bcfc17465f.shtml,宽泛,37,529,317,0.668769716088328,3.2256650381813694,False,False,False,6ed84f8bab8af3345467610b0cda13168f805ffebcb0642a9aa10fdc92eace4d,自动筛选通过，待全文人工复核
NY1,Y1,吸烟对个人健康和公众利益的影响,NY1_010,1733298,素质、侵略,议论文,议论文,高中,高一,2010-08-23,作文网,https://www.zuowen.com/e/20100823/4c722f4927a9d.shtml,宽泛,36,530,321,0.6510903426791277,3.180018834810878,False,False,False,8e35dcf1e04de33732c042c43fa1161f6ed9f1d2f921b93507d1fec4336a79ac,自动筛选通过，待全文人工复核
NY1,Y1,吸烟对个人健康和公众利益的影响,NY1_011,992856,责任与心,议论文,议论文,高中,高二,2009-09-14,网络资源,https://www.zuowen.com/e/20090914/4b8bcfd0bf1bb.shtml,宽泛,38,535,325,0.6461538461538462,3.1952342359343753,False,False,False,461975322c5cd52255b944ff2508dc81d6a062f9c0802a2ac6a47c017489e8e0,自动筛选通过，待全文人工复核
NY1,Y1,吸烟对个人健康和公众利益的影响,NY1_012,2968988,古今之责任,议论文,议论文,高中,高一,2018-04-03,本站原创,https://www.zuowen.com/e/20180403/5ac31ec338fee.shtml,宽泛,38,548,329,0.6656534954407295,3.3321728460458484,False,False,True,d9b36f9c513b37333b2ba2306e7952cf4ad1bb4122eeb90f4c5d5eab808bedd7,自动筛选通过，待全文人工复核
NY1,Y1,吸烟对个人健康和公众利益的影响,NY1_013,2330861,校园禁烟倡议书,议论文,议论文,高中,高二,2012-10-14,转载,https://www.zuowen.com/e/20121014/5079a06cb21cb.shtml,精确,134,568,236,1.4067796610169492,5.0515131730010125,False,False,False,d3003c170c3fb5bbcddf663a53e622723aa54a9c108b61ba6ddcbdc57eabec2b,自动筛选通过，待全文人工复核
NY1,Y1,吸烟对个人健康和公众利益的影响,NY1_014,3118393,高二议论文：说诚信,议论文,议论文,高中,高二,2021-03-06,网络资源,https://www.zuowen.com/e/20210306/60438a883ff02.shtml,宽泛,35,583,335,0.7402985074626866,3.773419478627262,False,False,True,c7bb970afccda31e19d5bd036420e5689cb3c47e6a972a0d803099632c8233f6,自动筛选通过，待全文人工复核
NY1,Y1,吸烟对个人健康和公众利益的影响,NY1_015,860068,社会拒绝“假文盲”,议论文,议论文,高中,高二,2009-08-23,网络资源,https://www.zuowen.com/e/20090823/4b8bce54343ff.shtml,扩展,53,587,304,0.930921052631579,4.305958517949658,False,False,False,4d9069a86f067bb71ed6b0f94a2704ea41d9ac0b1365634a16d504823ade81d9,自动筛选通过，待全文人工复核
NY1,Y1,吸烟对个人健康和公众利益的影响,NY1_016,3036194,高二议论文作文：乡愿，非德之贼也,议论文,议论文,高中,高二,2019-09-10,网络资源,https://www.zuowen.com/e/20190910/5d778f10eceef.shtml,宽泛,37,606,340,0.7823529411764706,4.047296698850208,False,False,True,3bada2c11e6044daec11bf0ad31a1e9f0680bd36362c47bbf19e9e6995a093a0,自动筛选通过，待全文人工复核
NY1,Y1,吸烟对个人健康和公众利益的影响,NY1_017,3118357,高一议论文：青少年吸烟的危害,议论文,议论文,高中,高一,2021-03-06,网络资源,https://www.zuowen.com/e/20210306/6043851c5c337.shtml,精确,151,607,291,1.0859106529209621,4.8080667550250595,False,False,True,d4632c5d685d69ea4b86b59b5d8e8231e13f2734322e749627e42da739eaff00,自动筛选通过，待全文人工复核
NY1,Y1,吸烟对个人健康和公众利益的影响,NY1_018,3095219,高三议论文：保护环境,议论文,议论文,高中,高三,2020-08-06,网络资源,https://www.zuowen.com/e/20200806/5f2c1b31aa8f2.shtml,宽泛,40,623,351,0.7749287749287749,4.1385891055911905,False,False,True,ad68e05f1536a84294e52ac70f0d1bda7a23a0bb4de2d3d1efedc0bbf5a71920,自动筛选通过，待全文人工复核
NY1,Y1,吸烟对个人健康和公众利益的影响,NY1_019,2786751,手机的危害,议论文,议论文,高中,高一,2015-09-06,作文网原创,https://www.zuowen.com/e/20150906/55eb13640d833.shtml,宽泛,36,637,344,0.8517441860465116,4.458112529184628,False,False,True,e7456e76192defdd246f0508784d39d32b8dcd9a2b603cd81036e24efee2316b,自动筛选通过，待全文人工复核
NY1,Y1,吸烟对个人健康和公众利益的影响,NY1_020,1002862,交通规则,议论文,议论文,高中,高二,2009-09-16,网络资源,https://www.zuowen.com/e/20090916/4b8bcfec6f4a5.shtml,宽泛,39,639,331,0.9305135951661632,4.686343546037084,False,False,False,ea81ee4a0779d513de363f40e898de8cc2a3de8a9014cb24605a9525721dc73d,自动筛选通过，待全文人工复核
NY1,Y1,吸烟对个人健康和公众利益的影响,NY1_021,2954801,不以规矩，不成方圆,议论文,议论文,高中,高一,2017-10-10,作文网高中作文文库（作文网原创）,https://www.zuowen.com/e/20171010/59dcaafde15ee.shtml,宽泛,39,666,372,0.7903225806451613,4.473327930308125,False,False,True,9367d5d9c3a04214a9866585464764036c68d825a8bb1458d570b2e93ae33e1b,自动筛选通过，待全文人工复核
NY1,Y1,吸烟对个人健康和公众利益的影响,NY1_022,3348615,高一议论文：宽容 11,议论文,议论文,高中,高一,2025-05-15,网络转载,https://www.zuowen.com/e/20250515/6825856dd7d15.shtml,宽泛,36,667,417,0.5995203836930456,3.803850280874256,False,False,True,a7637cb0fbd7eb220afa61eb5780923ca0f24871b056f701a242ce93e52d307b,自动筛选通过，待全文人工复核
NY1,Y1,吸烟对个人健康和公众利益的影响,NY1_023,1003843,少年谈责任,议论文,议论文,高中,高三,2009-09-17,网络资源,https://www.zuowen.com/e/20090917/4b8bcfef3d337.shtml,宽泛,39,668,347,0.9250720461095101,4.884143760642544,False,False,False,cb5ba205c55fa67557b26e6b0109687c40916029dbd3921e4c242b90385687e3,自动筛选通过，待全文人工复核
NY1,Y1,吸烟对个人健康和公众利益的影响,NY1_024,2966367,论社会责任感,议论文,议论文,高中,高二,2018-03-05,作文网高中作文文库（作文网原创）,https://www.zuowen.com/e/20180305/5a9d0fea9ea6c.shtml,宽泛,42,669,381,0.7559055118110236,4.382035523567143,False,False,True,80b21a0acff0fd8444229354d0d01924c4a87744c58e117cbeb1e82fbe4e508a,自动筛选通过，待全文人工复核
NY1,Y1,吸烟对个人健康和公众利益的影响,NY1_025,3204654,高三议论文：责任心的光芒,议论文,议论文,高中,高三,2023-02-14,网络资源,https://www.zuowen.com/e/20230214/63eb8b3f08bf1.shtml,宽泛,37,675,405,0.6666666666666666,4.108158303344196,False,False,True,4dc3da7943c787d9d35995b5823f5900c879f13ba81357dfaca8fb5e769cfe3d,自动筛选通过，待全文人工复核
NY1,Y1,吸烟对个人健康和公众利益的影响,NY1_026,2765790,责任心的光芒,议论文,议论文,高中,高二,2015-04-27,作文网原创,https://www.zuowen.com/e/20150427/553e05d739061.shtml,宽泛,37,677,362,0.8701657458563536,4.792851353901563,False,False,True,86a9db692ae838607166416360e377850211b883e55dc5f7017803d75f2c6dba,自动筛选通过，待全文人工复核
NY1,Y1,吸烟对个人健康和公众利益的影响,NY1_027,984859,谁该对那场战争负责任,议论文,议论文,高中,高二,2009-09-12,网络资源,https://www.zuowen.com/e/20090912/4b8bcfb994b44.shtml,宽泛,36,681,355,0.9183098591549296,4.96022076626003,False,False,False,fa4f69e293e0526b4ab89a0ff379ad97a946660d14b86b0fb25572259f7e8f15,自动筛选通过，待全文人工复核
NY1,Y1,吸烟对个人健康和公众利益的影响,NY1_028,2543077,选择高尚的美,议论文,议论文,高中,高二,2013-10-22,作文网原创,https://www.zuowen.com/e/20131022/526680beafede.shtml,宽泛,32,686,358,0.9162011173184358,4.990651568507024,False,False,True,59fdeb2c30e96a35512a5779cc148bc5531d9711b3d236b1c124f4b1e7e14727,自动筛选通过，待全文人工复核
NY1,Y1,吸烟对个人健康和公众利益的影响,NY1_029,390455,心灵的选择,议论文,议论文,高中,高二,2008-03-06,网络,https://www.zuowen.com/e/20080306/4b8bc952e82a1.shtml,宽泛,31,695,360,0.9305555555555556,5.097159376371503,False,False,False,2d82a9f0c190e9b1a5180364841d7c5859cac867e99471d04b70f5cfdee60d26,自动筛选通过，待全文人工复核
NY1,Y1,吸烟对个人健康和公众利益的影响,NY1_030,1028354,盼望,议论文,议论文,高中,高三,2009-09-22,网络资源,https://www.zuowen.com/e/20090922/4b8bd3153d42f.shtml,宽泛,38,700,365,0.9178082191780822,5.097159376371503,False,False,False,4b5b2f44ddf873f0307ddf5b75ad46dd8186c908a45a447a48447f763b6d2a95,自动筛选通过，待全文人工复核
NY1,Y1,吸烟对个人健康和公众利益的影响,NY1_031,1000999,学会聆听,议论文,议论文,高中,高三,2009-09-16,网络资源,https://www.zuowen.com/e/20090916/4b8bcfe79c99f.shtml,宽泛,33,701,368,0.904891304347826,5.066728574124509,False,False,False,7471e1fe58eab37a1c3f09616f2b88754b232e92e77a8830f3579154ff55b441,自动筛选通过，待全文人工复核
NY1,Y1,吸烟对个人健康和公众利益的影响,NY1_032,1013600,抵制不良诱惑,议论文,议论文,高中,高三,2009-09-19,网络资源,https://www.zuowen.com/e/20090919/4b8bd00aee4eb.shtml,宽泛,34,702,369,0.9024390243902439,5.066728574124509,False,False,False,5e3770f3a6d9825653bc0b83bd0323d2d2aab68f18f4111ca93866b25bbb2e52,自动筛选通过，待全文人工复核
NY1,Y1,吸烟对个人健康和公众利益的影响,NY1_033,873908,"拒绝盗版,从我做起",议论文,议论文,高中,高二,2009-08-25,网络资源,https://www.zuowen.com/e/20090825/4b8bce7bc37bb.shtml,宽泛,43,709,375,0.8906666666666667,5.081943975248006,False,False,False,294506d6aae1a9ec1f7f522b330aafae6d9fe09a33481a590dd0b4f902e708b1,自动筛选通过，待全文人工复核
NY1,Y1,吸烟对个人健康和公众利益的影响,NY1_034,2660913,不能失去的根,议论文,议论文,高中,高二,2014-04-19,作文网原创,https://www.zuowen.com/e/20140419/5352858704553.shtml,宽泛,35,711,474,0.5,3.6060500662687947,False,False,True,eed80f17673fa7bb5f56a390009674f9d562d4c5666a71096b301102128fe7e7,自动筛选通过，待全文人工复核
NY1,Y1,吸烟对个人健康和公众利益的影响,NY1_035,905141,珍惜拥有,议论文,议论文,高中,高二,2009-08-30,网络资源,https://www.zuowen.com/e/20090830/4b8bced5f3f21.shtml,宽泛,29,720,449,0.6035634743875279,4.123373704467694,False,False,False,2a5e07ed389522db182e971178c34921eaebf65afa81c141c221ccbe26b55f53,自动筛选通过，待全文人工复核
NY1,Y1,吸烟对个人健康和公众利益的影响,NY1_036,2886397,承担责任,议论文,议论文,高中,高一,2016-02-04,作文网原创,https://www.zuowen.com/e/20160204/56b2f317bf230.shtml,宽泛,36,720,397,0.8136020151133502,4.9145745628895385,False,False,True,88828876d0a23d9bdab69201476fc7f1a2cecef63e9f7accb16e80267ac48752,自动筛选通过，待全文人工复核
NY1,Y1,吸烟对个人健康和公众利益的影响,NY1_037,3203542,高一议论文：做那掌舵人,议论文,议论文,高中,高一,2023-02-11,网络资源,https://www.zuowen.com/e/20230211/63e77f2f9010e.shtml,宽泛,34,720,439,0.6400911161731208,4.275527715702664,False,False,True,26d64451c586b3d01a1e540cc3027408b3a9dd3e1e22721739f283ff5d41d532,自动筛选通过，待全文人工复核
NY1,Y1,吸烟对个人健康和公众利益的影响,NY1_038,1741275,诚信与善良,议论文,议论文,高中,高二,2010-09-02,作文网,https://www.zuowen.com/e/20100902/4c7f0387452ea.shtml,宽泛,30,726,462,0.5714285714285714,4.016865896603214,False,False,False,e3dea37cd255419a55f20a490e27513fbfc1cf8a21304680e58452412429d056,自动筛选通过，待全文人工复核
NY1,Y1,吸烟对个人健康和公众利益的影响,NY1_039,1848133,责任感,议论文,议论文,高中,高三,2011-04-11,作文网原创,https://www.zuowen.com/e/20110411/4da311920b175.shtml,宽泛,40,726,388,0.8711340206185567,5.142805579741994,False,False,False,4be982512310e9473a91a63a784edf51915e854e91ccb37160c4b91b67b5c3c0,自动筛选通过，待全文人工复核
NY1,Y1,吸烟对个人健康和公众利益的影响,NY1_040,3034575,高一议论文作文：责任心,议论文,议论文,高中,高一,2019-09-04,网络资源,https://www.zuowen.com/e/20190904/5d6f8166859a0.shtml,宽泛,36,740,432,0.7129629629629629,4.686343546037084,False,False,True,997ab07bb5d718152fd6dcc85fbb0b79d700149d322e0c064fb20095da771a0b,自动筛选通过，待全文人工复核
NY1,Y1,吸烟对个人健康和公众利益的影响,NY1_041,2269363,举手之劳映出社会现实,议论文,议论文,高中,高一,2012-06-26,作文网原创,https://www.zuowen.com/e/20120626/4fe9781baeba9.shtml,宽泛,40,743,393,0.8905852417302799,5.325390393223959,False,False,False,24bd3a5e6085c164b2147d2147c58a4c9207dc24fa9101d7674d8c4150693ade,自动筛选通过，待全文人工复核
NY1,Y1,吸烟对个人健康和公众利益的影响,NY1_042,873888,做仁义之人,议论文,议论文,高中,高二,2009-08-25,网络资源,https://www.zuowen.com/e/20090825/4b8bce7bb4d44.shtml,宽泛,33,754,491,0.5356415478615071,4.001650495479717,True,False,False,4b93d7342daa358a7142f7cd0bb1420b70d8e8a7ae352765b872edc13e44a21b,自动筛选通过，待全文人工复核
NY1,Y1,吸烟对个人健康和公众利益的影响,NY1_043,2603511,心怀责任，铸造不朽人生,议论文,议论文,高中,高三,2014-01-20,作文网原创,https://www.zuowen.com/e/20140120/52dce646d0f21.shtml,宽泛,37,765,423,0.8085106382978723,5.203667184235982,True,False,True,fdaacf70089c5ed546002be55daf136cae63a05fd97fb38538f3c7d663639d65,自动筛选通过，待全文人工复核
NY1,Y1,吸烟对个人健康和公众利益的影响,NY1_044,2309252,责任重于泰山,议论文,议论文,高中,高三,2012-08-24,作文网原创,https://www.zuowen.com/e/20120824/5037511360bdd.shtml,宽泛,39,766,410,0.8682926829268293,5.41668279996494,True,False,False,694d1eb975e196513cfb8f4ecf177dd0ba143b960f879f0d67032891180236c8,自动筛选通过，待全文人工复核
NY1,Y1,吸烟对个人健康和公众利益的影响,NY1_045,2748948,在合作中求双赢,议论文,议论文,高中,高三,2015-03-04,作文网原创,https://www.zuowen.com/e/20150304/54f67c8e1c460.shtml,宽泛,38,766,429,0.7855477855477856,5.127590178618497,True,False,True,0059335708b654d7edf0a09c65487d8d6b04dc3426a6ddf3e971c58f343d4040,自动筛选通过，待全文人工复核
NY2,Y2,父母是孩子的第一任老师,NY2_001,2494435,我要属于我的自由,议论文,议论文,高中,高二,2013-07-24,作文网原创,https://www.zuowen.com/e/20130724/51ef84f8a27a5.shtml,宽泛,33,219,372,0.4112903225806452,2.130234369230777,False,False,True,cf45bbc74f7c3ed66547fb73afbdf0dd3d7352b6070eefa327c5fa2b7e22d00f,自动筛选通过，待全文人工复核
NY2,Y2,父母是孩子的第一任老师,NY2_002,1063370,渴望自由,议论文,议论文,高中,高一,2009-10-02,网络资源,https://www.zuowen.com/e/20091002/4b8bd36e4ef08.shtml,宽泛,37,261,292,0.10616438356164383,0.4316161140271509,False,False,False,1c4c4582c617cf1f5dd09f65af51b3e09d73c7975dc3c79ce18bfb7961c740ed,自动筛选通过，待全文人工复核
NY2,Y2,父母是孩子的第一任老师,NY2_003,872920,论中国教育界,议论文,议论文,高中,高二,2009-08-25,网络资源,https://www.zuowen.com/e/20090825/4b8bce792bdce.shtml,宽泛,38,269,282,0.04609929078014184,0.1810003058823536,False,False,False,d78f7c1e434aa07cf3b4136fcc812513418c18e458a04ebd721f54dda13ebad2,自动筛选通过，待全文人工复核
NY2,Y2,父母是孩子的第一任老师,NY2_004,1084175,对现行教育的感想,议论文,议论文,高中,高二,2009-10-10,网络资源,https://www.zuowen.com/e/20091010/4b8bd3a9c8807.shtml,宽泛,33,306,289,0.058823529411764705,0.23669270769230855,False,False,False,5a9090088044b5c47a4684f06fb05f0f09722f5d72d108bd749d8f3d878508e1,自动筛选通过，待全文人工复核
NY2,Y2,父母是孩子的第一任老师,NY2_005,2535146,进击的巨人,议论文,议论文,高中,高一,2013-10-11,作文网原创,https://www.zuowen.com/e/20131011/5257633261cd0.shtml,宽泛,33,321,296,0.08445945945945946,0.3480775113122185,False,False,True,00a9188d369d3c203367ec17def53754632c186e6ca3b41ba8ad28f08be3229b,自动筛选通过，待全文人工复核
NY2,Y2,父母是孩子的第一任老师,NY2_006,1021555,“名利”渐欲迷人眼,议论文,议论文,高中,高一,2009-09-21,网络资源,https://www.zuowen.com/e/20090921/4b8bd30612836.shtml,宽泛,41,336,315,0.06666666666666667,0.2923851095022635,False,False,False,f3b8a8eab4dff0a0f573e2a853a92d12fc499ea661d244f0dafe88c486fc6dea,自动筛选通过，待全文人工复核
NY2,Y2,父母是孩子的第一任老师,NY2_007,1039842,中国教育何去何从,议论文,议论文,高中,高三,2009-09-24,网络资源,https://www.zuowen.com/e/20090924/4b8bd335046d8.shtml,宽泛,45,336,300,0.12,0.5012316162895946,False,False,False,efaea736db1b14662ff105c8f8355465972fdea6c56d9ff4f6aae590ac5c3bc6,自动筛选通过，待全文人工复核
NY2,Y2,父母是孩子的第一任老师,NY2_008,2245096,“心”的教育方式,议论文,议论文,高中,高一,2012-05-22,作文网原创,https://www.zuowen.com/e/20120522/4fbb7662c0239.shtml,精确,119,348,268,0.29850746268656714,1.113848036199099,False,False,False,fee1760e2145192a0f36750e21ac965f1a4434f740ec4c02ebaa16c81cbbde44,自动筛选通过，待全文人工复核
NY2,Y2,父母是孩子的第一任老师,NY2_009,2569071,在失败中成长,议论文,议论文,高中,高三,2013-12-04,作文网原创,https://www.zuowen.com/e/20131204/529eadc01d5be.shtml,宽泛,33,356,320,0.1125,0.5012316162895946,False,False,True,a16d8915489d174b96a893b2079b82b663afa5918becbc4d913f56ea11047ae1,自动筛选通过，待全文人工复核
NY2,Y2,父母是孩子的第一任老师,NY2_010,629275,像花儿一样成长,议论文,议论文,高中,高二,2009-06-25,网络资源,https://www.zuowen.com/e/20090625/4b8bcbb9e47af.shtml,宽泛,35,388,326,0.1901840490797546,0.8632322280543018,False,False,False,65f649e1ced37035e4aa2d9f8e8062c372fe41087533bcd7cc4f5cb0aa91d527,自动筛选通过，待全文人工复核
NY2,Y2,父母是孩子的第一任老师,NY2_011,2949784,[我的成长]在孤寂中成长,议论文,议论文,高中,高一,2017-07-19,作文网高中作文文库（作文网原创）,https://www.zuowen.com/e/20170719/596f33fa18251.shtml,宽泛,29,396,342,0.15789473684210525,0.7518474244343919,False,False,True,0ba3bacacd5c682173fc3c17da7ad3f16e9f3f9514b0b14622588a9ab5cad8d8,自动筛选通过，待全文人工复核
NY2,Y2,父母是孩子的第一任老师,NY2_012,1093649,向往自由,议论文,议论文,高中,高一,2009-10-13,网络资源,https://www.zuowen.com/e/20091013/4b8bd3c3a2fe2.shtml,宽泛,34,428,337,0.27002967359050445,1.2670021411764751,False,False,False,1f76430675913cddc45fa80ffffb5270f46152268dd5cb2186e3ee18251021ae,自动筛选通过，待全文人工复核
NY2,Y2,父母是孩子的第一任老师,NY2_013,1691436,追求属于自己的,议论文,议论文,高中,高三,2010-07-21,作文网,https://www.zuowen.com/e/20100721/4c46c446ae3ad.shtml,宽泛,33,436,346,0.26011560693641617,1.2530790407239865,False,False,False,3954363c6224b97c8d2456af3c4209c70e184ffe85857d74c9eef42dfa0ad1ac,自动筛选通过，待全文人工复核
NY2,Y2,父母是孩子的第一任老师,NY2_014,1830961,成长的烦恼,议论文,议论文,高中,高二,2011-03-15,E度作文网原创,https://www.zuowen.com/e/20110315/4d7f05fbb6c44.shtml,宽泛,38,448,350,0.28,1.3644638443438963,False,False,False,7e235dd59a8fec3010b7e6da161430da72d25fcf5204f11ca569604b355ee562,自动筛选通过，待全文人工复核
NY2,Y2,父母是孩子的第一任老师,NY2_015,1000353,谁懂“90后”,议论文,议论文,高中,高三,2009-09-16,网络资源,https://www.zuowen.com/e/20090916/4b8bcfe6347f2.shtml,宽泛,36,454,353,0.28611898016997167,1.4062331457013626,False,False,False,28b5e98c4488aabc56ca48b408ecbd00f8fbf6fdb67403d2f9c621ef9deb1860,自动筛选通过，待全文人工复核
NY2,Y2,父母是孩子的第一任老师,NY2_016,1024104,个人眼中的中国教育,议论文,议论文,高中,高三,2009-09-21,网络资源,https://www.zuowen.com/e/20090921/4b8bd30c00ab6.shtml,宽泛,45,464,356,0.30337078651685395,1.5036948488687838,False,False,False,124da3523e1c16e57fbe26b75ccf9a0f656cb4e13e6ed0490fd7fb77525460ec,自动筛选通过，待全文人工复核
NY2,Y2,父母是孩子的第一任老师,NY2_017,2641236,读书使我成长,议论文,议论文,高中,高一,2014-03-23,转载,https://www.zuowen.com/e/20140323/532ea79bb59e8.shtml,宽泛,28,481,364,0.32142857142857145,1.6290027529411824,False,False,True,692eb0e95e874831888819e3eb0472374c9c861c47c6d58db596877f33143b6b,自动筛选通过，待全文人工复核
NY2,Y2,父母是孩子的第一任老师,NY2_018,1716228,成长寄语,议论文,议论文,高中,高三,2010-07-30,作文网,https://www.zuowen.com/e/20100730/4c5262a73c549.shtml,宽泛,38,487,359,0.3565459610027855,1.7821568579185585,False,False,False,f32a68020e647b866ed0741800a8bc8c2f9110f5af6db14e55513dfb3a60198d,自动筛选通过，待全文人工复核
NY2,Y2,父母是孩子的第一任老师,NY2_019,1011356,90后，我的青春我做主,议论文,议论文,高中,高三,2009-09-18,网络资源,https://www.zuowen.com/e/20090918/4b8bd00470944.shtml,宽泛,34,505,365,0.3835616438356164,1.9492340633484233,False,False,False,0802926471e6f0774cd1557bc4badb07b116ea06dd71812dbd450615941cab4b,自动筛选通过，待全文人工复核
NY2,Y2,父母是孩子的第一任老师,NY2_020,3118383,高一议论文：我渴望翅膀,议论文,议论文,高中,高一,2021-03-06,网络资源,https://www.zuowen.com/e/20210306/604386b214d5d.shtml,宽泛,37,508,408,0.24509803921568626,1.392310045248874,False,False,True,62182f332e4f49f3096b53522fba8438756c4425396f4e85d14d3b16109c95b7,自动筛选通过，待全文人工复核
NY2,Y2,父母是孩子的第一任老师,NY2_021,1739098,走向自立人生,议论文,议论文,高中,高一,2010-08-30,作文网,https://www.zuowen.com/e/20100830/4c7b75993e4bf.shtml,扩展,56,528,330,0.6,2.75677388959277,False,False,False,a8496f9547e6bca5b4b1565a04c69490f9bb4322f47d6f37d9543eeee52f33a2,自动筛选通过，待全文人工复核
NY2,Y2,父母是孩子的第一任老师,NY2_022,1011515,成长,议论文,议论文,高中,高三,2009-09-18,网络资源,https://www.zuowen.com/e/20090918/4b8bd004e473b.shtml,宽泛,41,535,375,0.4266666666666667,2.227696072398198,False,False,False,161c3baead2977db60e492320da5d4bf19e3bf755505209de70328ff7e376267,自动筛选通过，待全文人工复核
NY2,Y2,父母是孩子的第一任老师,NY2_023,1055614,化茧成蝶的——成长之痛,议论文,议论文,高中,高三,2009-09-28,网络资源,https://www.zuowen.com/e/20090928/4b8bd35c4fba4.shtml,宽泛,35,540,385,0.4025974025974026,2.1580805701357546,False,False,False,aaa65cd00811f8a542c1f8e87228045a29858a85b6a10dbd960f2b65bd73c03d,自动筛选通过，待全文人工复核
NY2,Y2,父母是孩子的第一任老师,NY2_024,1057324,感知挫折,议论文,议论文,高中,高三,2009-09-28,网络资源,https://www.zuowen.com/e/20090928/4b8bd360d301c.shtml,宽泛,40,540,382,0.41361256544502617,2.1998498714932206,False,False,False,3d5f6fa00d65973059aaf3f1b9f297ddbb8bf29d21b1105ccad2d0f3f889934c,自动筛选通过，待全文人工复核
NY2,Y2,父母是孩子的第一任老师,NY2_025,2173969,在家长会上的演讲,议论文,议论文,高中,高一,2012-02-02,作文网原创,https://www.zuowen.com/e/20120202/4f29f24ccaa02.shtml,扩展,60,545,348,0.5660919540229885,2.7428507891402814,False,False,False,8d06dc6940c51b4104dab6dd03cc6ef0c32f6bfe7f3dec9ba695f241175343cf,自动筛选通过，待全文人工复核
NY2,Y2,父母是孩子的第一任老师,NY2_026,1048870,心心相印,议论文,议论文,高中,高三,2009-09-26,网络资源,https://www.zuowen.com/e/20090926/4b8bd34a67573.shtml,精确,114,550,309,0.7799352750809061,3.355467209049786,False,False,False,037c90ec0744b076ef7ba18e23e1594b8ef1b6ca6e9d24cbc231fd5ee3c265df,自动筛选通过，待全文人工复核
NY2,Y2,父母是孩子的第一任老师,NY2_027,3203549,高一议论文：里边·外边,议论文,议论文,高中,高一,2023-02-11,网络资源,https://www.zuowen.com/e/20230211/63e780fc59177.shtml,宽泛,32,559,463,0.20734341252699784,1.336617643438919,False,False,True,15a6a002ef6d32712f2938e3c64ea365d6470e2937bb244090c6e60bdacae664,自动筛选通过，待全文人工复核
NY2,Y2,父母是孩子的第一任老师,NY2_028,2075229,当我们成长,议论文,议论文,高中,高一,2011-10-18,作文网原创,https://www.zuowen.com/e/20111018/4e9d476d1e1e3.shtml,宽泛,38,599,415,0.4433734939759036,2.561850483257928,False,False,False,8684410fe50725cb45495d5742fa7c6dcdae11a90771aa4508962a020f8b108d,自动筛选通过，待全文人工复核
NY2,Y2,父母是孩子的第一任老师,NY2_029,1006382,生命里的渴望,议论文,议论文,高中,高一,2009-09-17,网络资源,https://www.zuowen.com/e/20090917/4b8bcff60aa9b.shtml,宽泛,37,621,421,0.4750593824228028,2.784620090497748,False,False,False,7e32b172e0480ca25355dc302cc0a66ed5cde4540381a954369d92a55a3f8177,自动筛选通过，待全文人工复核
NY2,Y2,父母是孩子的第一任老师,NY2_030,1022684,秋后所想,议论文,议论文,高中,高三,2009-09-21,网络资源,https://www.zuowen.com/e/20090921/4b8bd308d5c94.shtml,扩展,58,624,369,0.6910569105691057,3.5503906153846283,False,False,False,1abd0bd5a4dfbd14f03467b9c7c40141f4a79c7ab5d7cc28c4b69f26edf03613,自动筛选通过，待全文人工复核
NY2,Y2,父母是孩子的第一任老师,NY2_031,2502168,论应试教育,议论文,议论文,高中,高一,2013-08-08,作文网原创,https://www.zuowen.com/e/20130808/5202f566015d9.shtml,宽泛,40,633,426,0.4859154929577465,2.882081793665169,False,False,True,5aed92725c2f44561be953df450e10ed95d5804d231b60b695d45b196eba7784,自动筛选通过，待全文人工复核
NY2,Y2,父母是孩子的第一任老师,NY2_032,2718880,谁的责任,议论文,议论文,高中,高一,2014-08-29,作文网整理,https://www.zuowen.com/e/20140829/5400614c67c2e.shtml,扩展,57,645,391,0.649616368286445,3.5364675149321396,False,False,True,0c92f4efe547eba10e0ec13e067e78e37531b443a274354aa0e43977e0c4ef1b,自动筛选通过，待全文人工复核
NY2,Y2,父母是孩子的第一任老师,NY2_033,1051642,生活的绳索,议论文,议论文,高中,高三,2009-09-27,网络资源,https://www.zuowen.com/e/20090927/4b8bd35194190.shtml,扩展,61,654,376,0.7393617021276596,3.8706219257918693,False,False,False,105987c88fed2d1d2b5d0e3084156bbf469d3d61a9467e823c46fe0c9e1da7bf,自动筛选通过，待全文人工复核
NY2,Y2,父母是孩子的第一任老师,NY2_034,2338179,心怀感恩,议论文,议论文,高中,高二,2012-10-26,作文网原创,https://www.zuowen.com/e/20121026/508a3e477076c.shtml,扩展,56,655,379,0.7282321899736148,3.842775724886892,False,False,False,bf5db3b832174b9ff6907906170ef6dc70dfb4167bec0b715949a93e9a34ab1d,自动筛选通过，待全文人工复核
NY2,Y2,父母是孩子的第一任老师,NY2_035,1310822,学会独立,议论文,议论文,高中,高二,2009-12-14,本站原创,https://www.zuowen.com/e/20091214/4b8bd5fa206a4.shtml,宽泛,36,657,456,0.4407894736842105,2.7985431909502365,False,False,False,ec1cbc4066686f91966e2c9d98233eb57cb2b94bccd2fb4849d4fd4929293017,自动筛选通过，待全文人工复核
NY2,Y2,父母是孩子的第一任老师,NY2_036,961359,独立,议论文,议论文,高中,高二,2009-09-08,网络资源,https://www.zuowen.com/e/20090908/4b8bcf763e95b.shtml,宽泛,35,685,499,0.3727454909819639,2.5896966841629054,False,False,False,d0561237e3df6c5f5260340623ed37e838095d55ffe6a72d3166f8331c558d79,自动筛选通过，待全文人工复核
NY2,Y2,父母是孩子的第一任老师,NY2_037,1000782,爱的感动,议论文,议论文,高中,高二,2009-09-16,网络资源,https://www.zuowen.com/e/20090916/4b8bcfe7383c3.shtml,宽泛,41,685,485,0.41237113402061853,2.784620090497748,False,False,False,12043615e7414c597448191eb4dbfc4930283d76c53cb333f5926d71d7a14501,自动筛选通过，待全文人工复核
NY2,Y2,父母是孩子的第一任老师,NY2_038,843005,关于独立，关于依靠,议论文,议论文,高中,高二,2009-08-19,网络资源,https://www.zuowen.com/e/20090819/4b8bce21ae531.shtml,扩展,61,688,399,0.7243107769423559,4.023776030769246,False,False,False,1fe3155dab89101257cc31d089896094018bb48ad8b0f89b1594d2296c5ef98e,自动筛选通过，待全文人工复核
NY2,Y2,父母是孩子的第一任老师,NY2_039,1002947,人生的驿站,议论文,议论文,高中,高三,2009-09-16,网络资源,https://www.zuowen.com/e/20090916/4b8bcfeca11c5.shtml,扩展,65,692,404,0.7128712871287128,4.0098529303167565,False,False,False,b47c078361629aed1788ba00b025980befdc4330abdb2c20612c8bc56d713927,自动筛选通过，待全文人工复核
NY2,Y2,父母是孩子的第一任老师,NY2_040,1011814,责任,议论文,议论文,高中,高三,2009-09-18,网络资源,https://www.zuowen.com/e/20090918/4b8bd005c9ca3.shtml,扩展,57,699,517,0.3520309477756286,2.5340042823529503,False,False,False,a77f1222fc8dab5c5154718ff2ae2567f6e09e7f5aad173616923c735fb77236,自动筛选通过，待全文人工复核
NY2,Y2,父母是孩子的第一任老师,NY2_041,2344767,论成长,议论文,议论文,高中,高二,2012-11-08,作文网原创,https://www.zuowen.com/e/20121108/509a8825a6a34.shtml,宽泛,40,708,535,0.3233644859813084,2.4086963782805517,False,False,False,645e21e14be8a753ca13e63de0acae2d33f747f583098cdf0896ecb02f18296d,自动筛选通过，待全文人工复核
NY2,Y2,父母是孩子的第一任老师,NY2_042,2323560,榜样在哪里？,议论文,议论文,高中,高二,2012-09-25,作文网原创,https://www.zuowen.com/e/20120925/5060e4bc27f08.shtml,宽泛,39,709,597,0.18760469011725292,1.5593872506787387,False,False,False,7b762447e069041c15a3da3eac12fb50d34f95f16071d695757caaa864d871a2,自动筛选通过，待全文人工复核
NY2,Y2,父母是孩子的第一任老师,NY2_043,3118455,高三议论文：父母老师的成长教育,议论文,议论文,高中,高三,2021-03-06,网络资源,https://www.zuowen.com/e/20210306/604390ebe230f.shtml,精确,130,749,396,0.8914141414141414,4.914854459728525,False,False,True,a6e33ebaab85a8974279f59d9f63473d2a0b229db8386751ac216cf159f02674,自动筛选通过，待全文人工复核
NY2,Y2,父母是孩子的第一任老师,NY2_044,2725170,我是一个人,议论文,议论文,高中,高二,2014-09-29,作文网原创,https://www.zuowen.com/e/20140929/542910eb849f6.shtml,扩展,58,762,439,0.7357630979498861,4.4971614461538625,True,False,True,1f34a408e6a6b5b03c3704cf464fdeea88873199d34dd0d63f1506a4004fc679,自动筛选通过，待全文人工复核
NY2,Y2,父母是孩子的第一任老师,NY2_045,3349869,高二议论文：论惩戒 5,议论文,议论文,高中,高二,2025-06-03,网络转载,https://www.zuowen.com/e/20250603/683e5d40b457e.shtml,近似,85,771,447,0.7248322147651006,4.511084546606352,True,False,True,313c79ca23ccc923d61a8652eea2bc7a1aabbf57607815df7d71b35bdc22fdfc,自动筛选通过，待全文人工复核
