字段名,类别,初始顺序,筛选状态,筛选原因,零值比例,标准差,相关变量,相关系数,MSA,共同度
词形丰富度TTR,词汇丰富度,14,进入候选模型,通过稀疏、共线和MSA筛选,0.0,0.06215506755726234,,,0.8214725572504776,
Guiraud值,词汇丰富度,15,进入候选模型,通过稀疏、共线和MSA筛选,0.0,1.3117643721604826,,,0.8844273287664057,
MATTR-50,词汇丰富度,16,进入候选模型,通过稀疏、共线和MSA筛选,0.0,0.04117343242117242,,,0.8777253740488847,
仅出现一次词每千字,词汇丰富度,18,删除,与保留变量绝对相关系数≥0.85,0.0,47.45843687039398,仅出现一次词占比,0.913061540049888,,
仅出现一次词占比,词汇丰富度,19,进入候选模型,通过稀疏、共线和MSA筛选,0.0,0.05678340429508555,,,0.8754577182607434,
名词去重词每千字,词汇丰富度,21,进入候选模型,通过稀疏、共线和MSA筛选,0.0,17.73389226788142,,,0.6601894337893642,
名词TTR,词汇丰富度,22,进入候选模型,通过稀疏、共线和MSA筛选,0.0,0.12557041532588042,,,0.6716671349758492,
动词去重词每千字,词汇丰富度,24,进入候选模型,通过稀疏、共线和MSA筛选,0.0,18.97520718004571,,,0.6850714208111028,
动词TTR,词汇丰富度,25,进入候选模型,通过稀疏、共线和MSA筛选,0.0,0.10000332654035018,,,0.7166916030455933,
形容词去重词每千字,词汇丰富度,27,删除,变量级MSA<0.50,0.0,9.219054536386455,,,0.45055427044021734,
形容词TTR,词汇丰富度,28,进入候选模型,通过稀疏、共线和MSA筛选,0.0,0.13820902235771115,,,0.752663326180008,
副词去重词每千字,词汇丰富度,30,进入候选模型,通过稀疏、共线和MSA筛选,0.0,9.670534822408191,,,0.6188576209412714,
副词TTR,词汇丰富度,31,进入候选模型,通过稀疏、共线和MSA筛选,0.0,0.12585826378584727,,,0.6493532159170469,
词汇密度,词汇密度与词长,34,进入候选模型,通过稀疏、共线和MSA筛选,0.0,0.04420036931353551,,,0.6926336221782575,
实词率,词汇密度与词长,41,进入候选模型,通过稀疏、共线和MSA筛选,0.0,0.03303814092181447,,,0.55072061303932,
实虚词比,词汇密度与词长,42,删除,与保留变量绝对相关系数≥0.85,0.0,0.3916226100744969,实词率,0.9617793645597722,,
平均词长,词汇密度与词长,43,进入候选模型,通过稀疏、共线和MSA筛选,0.0,0.07531896010930492,,,0.811970637889701,
双字词占比,词汇密度与词长,49,删除,与保留变量绝对相关系数≥0.85,0.0,0.06527891975335536,平均词长,0.8736668383988995,,
三字及以上词占比,词汇密度与词长,52,进入候选模型,通过稀疏、共线和MSA筛选,0.0125,0.015065015701406387,,,0.807452225890954,
句子每千字,句段结构,54,删除,与保留变量绝对相关系数≥0.85,0.0,10.730147852443329,平均句长_字,-0.9049513916800951,,
段落每千字,句段结构,56,进入候选模型,通过稀疏、共线和MSA筛选,0.0,4.755063857999306,,,0.6258687176972335,
平均句长_字,句段结构,57,进入候选模型,通过稀疏、共线和MSA筛选,0.0,9.711647109293178,,,0.6985075477721938,
句长中位数_字,句段结构,58,删除,与保留变量绝对相关系数≥0.85,0.0,9.122625683353078,平均句长_字,0.8982202419973511,,
句长标准差_字,句段结构,59,进入候选模型,通过稀疏、共线和MSA筛选,0.0,8.011850165605303,,,0.8973212273322263,
最长句长度_字,句段结构,60,删除,与保留变量绝对相关系数≥0.85,0.0,26.81046439828233,句长标准差_字,0.9526950321568404,,
平均句长_词,句段结构,61,删除,与保留变量绝对相关系数≥0.85,0.0,6.430486898766647,平均句长_字,0.9864474711875038,,
句长中位数_词,句段结构,62,删除,与保留变量绝对相关系数≥0.85,0.0,5.929425591419478,平均句长_字,0.8913096994110087,,
句长标准差_词,句段结构,63,删除,与保留变量绝对相关系数≥0.85,0.0,5.400294206208783,句长标准差_字,0.9883041231228408,,
最长句长度_词,句段结构,64,删除,与保留变量绝对相关系数≥0.85,0.0,18.119810162855526,句长标准差_字,0.9415763341508379,,
超过30字长句每千字,句段结构,66,进入候选模型,通过稀疏、共线和MSA筛选,0.02375,4.5698308304686455,,,0.7160317306239116,
超过30字长句占比,句段结构,67,删除,与保留变量绝对相关系数≥0.85,0.02375,0.20892295606555278,平均句长_字,0.8687280443010378,,
平均段落长度_字,句段结构,68,进入候选模型,通过稀疏、共线和MSA筛选,0.0,62.11787400976029,,,0.6091175985594569,
逗号每千字,句段结构,70,进入候选模型,通过稀疏、共线和MSA筛选,0.0,16.98986952935048,,,0.802207135574446,
分句每千字,句段结构,72,进入候选模型,通过稀疏、共线和MSA筛选,0.0,17.96091931053819,,,0.7254375226588339,
平均每句逗号数,句段结构,73,删除,与保留变量绝对相关系数≥0.85,0.0,0.940984439311659,平均每句分句数,0.9943267045174536,,
平均每句分句数,句段结构,74,进入候选模型,通过稀疏、共线和MSA筛选,0.0,0.9884849668918239,,,0.7591821576120844,
名词每千字,词性,76,进入候选模型,通过稀疏、共线和MSA筛选,0.0,27.282141538610766,,,0.5828163796217415,
代词每千字,词性,78,进入候选模型,通过稀疏、共线和MSA筛选,0.0,29.060884238420755,,,0.7640534094482802,
动词每千字,词性,80,进入候选模型,通过稀疏、共线和MSA筛选,0.0,23.430323590901175,,,0.5646479199148056,
形容词每千字,词性,82,删除,变量级MSA<0.50,0.0,12.689076248436775,,,0.4776404064542106,
副词每千字,词性,84,进入候选模型,通过稀疏、共线和MSA筛选,0.0,16.804556023698357,,,0.6018460707167336,
介词每千字,词性,86,删除,变量级MSA<0.50,0.0,10.439663221258403,,,0.1594763876387916,
连词每千字,词性,88,进入候选模型,通过稀疏、共线和MSA筛选,0.00375,10.128480581588192,,,0.7129893620548123,
助词每千字,词性,90,删除,变量级MSA<0.50,0.0,14.983659474201296,,,0.46057197246171694,
数词每千字,词性,92,删除,变量级MSA<0.50,0.0075,9.949243695241478,,,0.36055169562725414,
量词每千字,词性,94,进入候选模型,通过稀疏、共线和MSA筛选,0.04,8.07234805927611,,,0.6391939435958702,
时间词每千字,词性,96,进入候选模型,通过稀疏、共线和MSA筛选,0.13625,9.17407366773071,,,0.8745803943872047,
方位词每千字,词性,98,删除,变量级MSA<0.50,0.0225,7.9214408802283085,,,0.29475446912641856,
后缀每千字,词性,100,进入候选模型,通过稀疏、共线和MSA筛选,0.615,5.709769233693227,,,0.7162746246019835,
语气词每千字,词性,102,进入候选模型,通过稀疏、共线和MSA筛选,0.21625,5.779200067371173,,,0.8238462844329834,
区别词每千字,词性,104,进入候选模型,通过稀疏、共线和MSA筛选,0.39125,3.6695850649194934,,,0.8395880238179771,
状态词每千字,词性,106,进入候选模型,通过稀疏、共线和MSA筛选,0.6925,1.9631475110999714,,,0.8357938705281049,
拟声词每千字,词性,108,删除,零值比例≥95%,0.95375,0.7946593671513291,,,,
叹词每千字,词性,110,删除,零值比例≥95%,0.9675,0.51121830745991,,,,
熟语每千字,词性,112,进入候选模型,通过稀疏、共线和MSA筛选,0.87375,1.9243146118568653,,,0.7643873529760503,
标点每千字,词性,114,进入候选模型,通过稀疏、共线和MSA筛选,0.0,24.62279400190944,,,0.7912142077378915,
其他词性_prefix每千字,词性,116,进入候选模型,通过稀疏、共线和MSA筛选,0.905,0.9256647543136844,,,0.6782464850607602,
其他词性_string每千字,词性,118,删除,零值比例≥95%,0.99875,0.0829937536603929,,,,
其他词性_空每千字,词性,120,删除,变量级MSA<0.50,0.9475,0.7761310096882394,,,0.08320074380680496,
第一人称单数代词每千字,语法标记,122,进入候选模型,通过稀疏、共线和MSA筛选,0.15,21.897799427364603,,,0.8648577635191762,
第一人称复数代词每千字,语法标记,124,删除,变量级MSA<0.50,0.4325,7.44568939213283,,,0.3359969200270691,
其他第一人称代词每千字,语法标记,126,进入候选模型,通过稀疏、共线和MSA筛选,0.40375,4.590470118948299,,,0.716817349323315,
第二人称代词每千字,语法标记,128,进入候选模型,通过稀疏、共线和MSA筛选,0.6875,6.271162243100578,,,0.5178414372739799,
第三人称代词每千字,语法标记,130,进入候选模型,通过稀疏、共线和MSA筛选,0.19875,12.368056944983813,,,0.6088897392708685,
非人第三人称代词每千字,语法标记,132,进入候选模型,通过稀疏、共线和MSA筛选,0.81375,1.7777575631879396,,,0.5365046324282593,
指示代词每千字,语法标记,134,删除,变量级MSA<0.50,0.0425,5.979458509985524,,,0.1559929498996428,
不定代词每千字,语法标记,136,进入候选模型,通过稀疏、共线和MSA筛选,0.57,2.749187452404753,,,0.7869547669058786,
疑问代词每千字,语法标记,138,进入候选模型,通过稀疏、共线和MSA筛选,0.4425,3.6564709634107877,,,0.8415939940743676,
情态动词每千字,语法标记,140,进入候选模型,通过稀疏、共线和MSA筛选,0.05,8.272236950333818,,,0.8552442719377533,
否定词每千字,语法标记,142,进入候选模型,通过稀疏、共线和MSA筛选,0.045,7.201664969381271,,,0.7968571741046323,
时态助词了每千字,语法标记,144,进入候选模型,通过稀疏、共线和MSA筛选,0.1675,6.737091225269005,,,0.7715849404142892,
时态助词着每千字,语法标记,146,进入候选模型,通过稀疏、共线和MSA筛选,0.55375,3.7075621171922126,,,0.829688547727003,
时态助词过每千字,语法标记,148,进入候选模型,通过稀疏、共线和MSA筛选,0.65625,2.0184132525927767,,,0.6868910445450952,
结构助词的每千字,语法标记,150,进入候选模型,通过稀疏、共线和MSA筛选,0.0,13.440992252988487,,,0.6641012169270738,
结构助词地每千字,语法标记,152,删除,变量级MSA<0.50,0.45,2.968825906280509,,,0.3224976746852327,
结构助词得每千字,语法标记,154,进入候选模型,通过稀疏、共线和MSA筛选,0.61,2.419092149895772,,,0.6890569758621882,
介词把每千字,语法标记,156,删除,变量级MSA<0.50,0.70625,1.9943377400274889,,,0.4662083704463357,
介词被每千字,语法标记,158,进入候选模型,通过稀疏、共线和MSA筛选,0.74,1.6917350834199412,,,0.556557473337869,
介词对每千字,语法标记,160,进入候选模型,通过稀疏、共线和MSA筛选,0.225,5.858484675404547,,,0.7614355882889222,
介词给每千字,语法标记,162,进入候选模型,通过稀疏、共线和MSA筛选,0.59125,2.6165869801719635,,,0.6117080338517039,
介词从每千字,语法标记,164,进入候选模型,通过稀疏、共线和MSA筛选,0.52875,2.494096177870903,,,0.5401659293582067,
介词向每千字,语法标记,166,进入候选模型,通过稀疏、共线和MSA筛选,0.8675,1.1306173828811525,,,0.6180339059898508,
语气词吧每千字,语法标记,168,进入候选模型,通过稀疏、共线和MSA筛选,0.85375,1.2153394795546972,,,0.7975217217686659,
语气词呢每千字,语法标记,170,删除,变量级MSA<0.50,0.75875,1.5197828747565276,,,0.4890876169320081,
语气词吗每千字,语法标记,172,进入候选模型,通过稀疏、共线和MSA筛选,0.87875,1.161355416545395,,,0.6763427824275688,
语气词啊每千字,语法标记,174,进入候选模型,通过稀疏、共线和MSA筛选,0.9175,0.9600236066305943,,,0.7036310469683144,
因果连接词每千字,篇章连接,178,进入候选模型,通过稀疏、共线和MSA筛选,0.20875,4.4162316160394175,,,0.6148584412788025,
转折连接词每千字,篇章连接,180,进入候选模型,通过稀疏、共线和MSA筛选,0.33125,4.1230373493837345,,,0.5293953392559947,
条件连接词每千字,篇章连接,182,进入候选模型,通过稀疏、共线和MSA筛选,0.625,2.221099492228019,,,0.7091763608541183,
递进连接词每千字,篇章连接,184,进入候选模型,通过稀疏、共线和MSA筛选,0.535,3.4653295771428287,,,0.7271096348293472,
并列连接词每千字,篇章连接,186,删除,变量级MSA<0.50,0.04125,6.1447786570552205,,,0.25914262375661945,
顺序连接词每千字,篇章连接,188,进入候选模型,通过稀疏、共线和MSA筛选,0.61375,2.2421481814678463,,,0.6035117386974799,
总结连接词每千字,篇章连接,190,进入候选模型,通过稀疏、共线和MSA筛选,0.91625,0.8334854474724986,,,0.7935739312777186,
举例连接词每千字,篇章连接,192,进入候选模型,通过稀疏、共线和MSA筛选,0.905,0.8924893480302832,,,0.6866130206321006,
连接词去重每千字,篇章连接,196,进入候选模型,通过稀疏、共线和MSA筛选,0.0025,6.008874139204826,,,0.6266495964854749,
连接词多样性,篇章连接,197,进入候选模型,通过稀疏、共线和MSA筛选,0.0025,0.17810611550560473,,,0.6874644844302217,
时间副词每千字,记叙描写,199,进入候选模型,通过稀疏、共线和MSA筛选,0.19375,4.946513814542082,,,0.8970415806419674,
动作动词每千字,记叙描写,201,进入候选模型,通过稀疏、共线和MSA筛选,0.17625,6.674893995884333,,,0.9318660139278643,
心理动词每千字,记叙描写,203,进入候选模型,通过稀疏、共线和MSA筛选,0.14,5.767756748766198,,,0.8890996159362838,
言说动词每千字,记叙描写,205,进入候选模型,通过稀疏、共线和MSA筛选,0.31625,4.321956890488442,,,0.8670587734216664,
程度副词每千字,记叙描写,207,进入候选模型,通过稀疏、共线和MSA筛选,0.0375,7.691000628328037,,,0.8608297397165939,
正面评价词每千字,记叙描写,209,进入候选模型,通过稀疏、共线和MSA筛选,0.19625,4.63014292797166,,,0.8328574044316083,
负面评价词每千字,记叙描写,211,进入候选模型,通过稀疏、共线和MSA筛选,0.63375,2.965481787545651,,,0.6963014077135524,
处所方位词每千字,记叙描写,215,删除,与保留变量绝对相关系数≥0.85,0.0225,7.9214408802283085,方位词每千字,1.0,,
趋向动词每千字,记叙描写,217,进入候选模型,通过稀疏、共线和MSA筛选,0.12875,6.9903409534932,,,0.9218256018598988,
直接引语每千字,记叙描写,219,进入候选模型,通过稀疏、共线和MSA筛选,0.455,5.123644093171991,,,0.5104657878772267,
第一人称代词占人称代词比例,记叙描写,220,进入候选模型,通过稀疏、共线和MSA筛选,0.02875,0.242298795512153,,,0.6457292292122563,
连续动词结构每千字,记叙描写,222,进入候选模型,通过稀疏、共线和MSA筛选,0.00125,10.348491898597105,,,0.8995278397882704,
最长连续动词序列,记叙描写,223,进入候选模型,通过稀疏、共线和MSA筛选,0.0,0.7338061916532428,,,0.8744852483782254,
1级词汇占比,HSK,226,进入候选模型,通过稀疏、共线和MSA筛选,0.0,0.07818446250411439,,,0.8122498758292962,
1级词汇种类每千字,HSK,228,进入候选模型,通过稀疏、共线和MSA筛选,0.0,26.7096703402574,,,0.8016352706552106,
1级词汇内部TTR,HSK,229,进入候选模型,通过稀疏、共线和MSA筛选,0.0,0.06410276764879856,,,0.6895483141383938,
2级词汇占比,HSK,232,进入候选模型,通过稀疏、共线和MSA筛选,0.0,0.02811333408388218,,,0.6904537495819066,
2级词汇种类每千字,HSK,234,进入候选模型,通过稀疏、共线和MSA筛选,0.0,11.496246431867654,,,0.7316786724319533,
2级词汇内部TTR,HSK,235,进入候选模型,通过稀疏、共线和MSA筛选,0.0,0.1251206385531394,,,0.5639683297376505,
3级词汇占比,HSK,238,删除,变量级MSA<0.50,0.0,0.024861066518990758,,,0.49294288261670133,
3级词汇种类每千字,HSK,240,删除,变量级MSA<0.50,0.0,11.950793661137983,,,0.37326227959231395,
3级词汇内部TTR,HSK,241,删除,变量级MSA<0.50,0.0,0.11013626176241124,,,0.2414154373318307,
4级词汇占比,HSK,244,进入候选模型,通过稀疏、共线和MSA筛选,0.0,0.0348684154292122,,,0.7882272232217798,
4级词汇种类每千字,HSK,246,删除,变量级MSA<0.50,0.0,13.564926975497496,,,0.46099243823778774,
4级词汇内部TTR,HSK,247,进入候选模型,通过稀疏、共线和MSA筛选,0.0,0.14151166080162064,,,0.805034489869949,
5级词汇占比,HSK,250,进入候选模型,通过稀疏、共线和MSA筛选,0.00125,0.03327285809189965,,,0.8481308740356959,
5级词汇种类每千字,HSK,252,删除,与保留变量绝对相关系数≥0.85,0.00125,15.256966993006577,5级词汇占比,0.9255654464953984,,
5级词汇内部TTR,HSK,253,进入候选模型,通过稀疏、共线和MSA筛选,0.00125,0.13234586247655744,,,0.7638716043594798,
6级词汇占比,HSK,256,进入候选模型,通过稀疏、共线和MSA筛选,0.015,0.017409973450248493,,,0.9117142220516709,
6级词汇种类每千字,HSK,258,删除,与保留变量绝对相关系数≥0.85,0.015,8.794758099797702,6级词汇占比,0.9058107323847825,,
6级词汇内部TTR,HSK,259,进入候选模型,通过稀疏、共线和MSA筛选,0.015,0.19501070354721742,,,0.6513144534104378,
7-9级词汇占比,HSK,262,删除,与保留变量绝对相关系数≥0.85,0.025,0.02177232894417185,高等词汇占比,1.0,,
7-9级词汇种类每千字,HSK,264,删除,与保留变量绝对相关系数≥0.85,0.025,12.220275876960832,高等词汇占比,0.9502133280866261,,
7-9级词汇内部TTR,HSK,265,删除,与保留变量绝对相关系数≥0.85,0.025,0.2003088142750454,高等词汇内部TTR,1.0,,
初等词汇种类每千字,HSK,270,删除,与保留变量绝对相关系数≥0.85,0.0,40.52344758431963,1级词汇种类每千字,0.9317066215127842,,
初等词汇内部TTR,HSK,271,删除,与保留变量绝对相关系数≥0.85,0.0,0.06401942531321496,1级词汇内部TTR,0.9333529285748123,,
中等词汇占比,HSK,274,进入候选模型,通过稀疏、共线和MSA筛选,0.0,0.06524305331648271,,,0.7972062541613552,
中等词汇种类每千字,HSK,276,删除,与保留变量绝对相关系数≥0.85,0.0,28.485447816543616,中等词汇占比,0.8611540524721056,,
中等词汇内部TTR,HSK,277,删除,与保留变量绝对相关系数≥0.85,0.0,0.10834512184104736,4级词汇内部TTR,0.8797326499502541,,
高等词汇占比,HSK,280,进入候选模型,通过稀疏、共线和MSA筛选,0.025,0.02177232894417185,,,0.8512279462363448,
高等词汇种类每千字,HSK,282,删除,与保留变量绝对相关系数≥0.85,0.025,12.220275876960832,高等词汇占比,0.9502133280866261,,
高等词汇内部TTR,HSK,283,进入候选模型,通过稀疏、共线和MSA筛选,0.025,0.2003088142750454,,,0.6812873768702339,
非HSK词汇占比,HSK,289,进入候选模型,通过稀疏、共线和MSA筛选,0.0,0.042340533621241815,,,0.6623386897899007,
非HSK词汇种类每千字,HSK,291,进入候选模型,通过稀疏、共线和MSA筛选,0.0,20.014747195848862,,,0.7344895587451807,
非HSK词汇TTR,HSK,292,进入候选模型,通过稀疏、共线和MSA筛选,0.0,0.13798054640985358,,,0.6905982915369,
高等词汇占HSK词汇比例,HSK,293,删除,与保留变量绝对相关系数≥0.85,0.025,0.025944403669260964,高等词汇占比,0.9960238396186999,,
非HSK专名每千字,HSK,295,进入候选模型,通过稀疏、共线和MSA筛选,0.42125,10.854618829566803,,,0.8578213967839909,
非HSK数字每千字,HSK,297,删除,变量级MSA<0.50,0.04375,7.048812778221269,,,0.410503361596051,
非HSK字母串每千字,HSK,299,删除,零值比例≥95%,0.96625,0.8170922146580409,,,,
非HSK其他每千字,HSK,301,删除,与保留变量绝对相关系数≥0.85,0.0,26.52705691926679,非HSK词汇占比,0.8659774692180949,,
