字段名,类别,共同度,独特性,D1_词汇丰富度与词汇扩展,D2_基础词汇与叙事推进,D3_人称指涉与信息密度,D4_句法延展与分句复杂度,D5_动作过程与动词链,主要维度,主要载荷
词形丰富度TTR,词汇丰富度,1.0051011560469354,-0.005101156046935396,0.9740146206946739,-0.16595865912348348,-0.06780299952058381,-0.1549032598041308,-0.01619047682889492,词汇丰富度与词汇扩展,0.9740146206946739
Guiraud值,词汇丰富度,0.4791897735631698,0.5208102264368302,0.6558657300175468,0.008890284917186995,0.09861965260373033,0.19789386085111335,-0.00794131875517231,词汇丰富度与词汇扩展,0.6558657300175468
MATTR-50,词汇丰富度,0.6586049960615716,0.34139500393842837,0.7969805061064226,0.016810511779200954,-0.08232159844773196,0.09973020710178303,0.08013436130705287,词汇丰富度与词汇扩展,0.7969805061064226
仅出现一次词占比,词汇丰富度,0.8387025352091438,0.16129746479085616,0.8433180887542207,-0.2793590408612688,0.16035121832554924,-0.0859085471458975,-0.12799558971674452,词汇丰富度与词汇扩展,0.8433180887542207
名词去重词每千字,词汇丰富度,0.5070518905958266,0.49294810940417344,0.6342467318798383,-0.19304399553345708,-0.1466499788441751,-0.05764732534021498,-0.20660967806511918,词汇丰富度与词汇扩展,0.6342467318798383
名词TTR,词汇丰富度,0.5349653460950521,0.4650346539049479,0.7206646966154211,0.09492155320007789,0.02524556729040393,-0.012664513964735613,0.07615714873577258,词汇丰富度与词汇扩展,0.7206646966154211
动词去重词每千字,词汇丰富度,0.9366969158067461,0.06330308419325392,0.7131834415905083,-0.0482353506658521,0.4073069768846332,-0.012149439553663828,0.5096008860801158,词汇丰富度与词汇扩展,0.7131834415905083
动词TTR,词汇丰富度,0.8379020399084797,0.16209796009152033,0.726755533203214,-0.15655025858322325,0.48324251304662363,-0.045013014127910575,-0.22286981300306719,词汇丰富度与词汇扩展,0.726755533203214
词汇密度,词汇密度与词长,0.35850206564362364,0.6414979343563764,0.07021059980877382,-0.23203263837277785,-0.4806682607490801,-0.03723337229791265,0.2594322476941966,人称指涉与信息密度,-0.4806682607490801
平均词长,词汇密度与词长,0.46509384547900257,0.5349061545209974,-0.018415981907795833,-0.4175105609143268,-0.5163295704631852,-0.09893556610165326,-0.11855444757505564,人称指涉与信息密度,-0.5163295704631852
平均句长_字,句段结构,0.7675574777445296,0.23244252225547035,-0.09343857104636927,-0.14274868742796806,-0.08775967876004948,0.8536235767224923,-0.0455472443773139,句法延展与分句复杂度,0.8536235767224923
句长标准差_字,句段结构,0.5442131599788884,0.4557868400211116,-0.0692020664048774,0.0230359403971234,-0.08131512090047031,0.7293515208006405,-0.018104962108172834,句法延展与分句复杂度,0.7293515208006405
超过30字长句每千字,句段结构,0.36960126571108126,0.6303987342889188,-0.04435936451384417,-0.1554984674154436,-0.055511094400583876,0.5832628882833294,-0.01329137586163656,句法延展与分句复杂度,0.5832628882833294
逗号每千字,句段结构,0.3743330762859717,0.6256669237140283,0.16761046355381948,0.2430886113919168,0.1346195348695758,0.5126330198531819,0.07894747362963156,句法延展与分句复杂度,0.5126330198531819
平均每句分句数,句段结构,0.9563495458342685,0.043650454165731545,0.027770231725738566,0.09944746076883597,0.034545580598472785,0.9713611335000217,0.030866062228043195,句法延展与分句复杂度,0.9713611335000217
代词每千字,词性,0.6270340330859673,0.3729659669140327,0.027971289938161285,0.3692238287033835,0.6988135958655414,-0.014891976463668502,0.03692142485406638,人称指涉与信息密度,0.6988135958655414
动词每千字,词性,0.935151908426169,0.06484809157383098,0.08124972862637807,0.13406259467941722,-0.06408453654909621,0.02310140295452821,0.9518072851627851,动作过程与动词链,0.9518072851627851
时间词每千字,词性,0.32060520001130205,0.679394799988698,0.18211918415748413,0.47810958908077683,-0.05399528484422144,0.004682863216105748,-0.23645634609545962,基础词汇与叙事推进,0.47810958908077683
第一人称单数代词每千字,语法标记,0.5102423725677954,0.48975762743220463,0.09647628982520857,0.41472690391559935,0.5690609489353591,-0.049585955304057946,-0.05145058475189096,人称指涉与信息密度,0.5690609489353591
第三人称代词每千字,语法标记,0.3490369060839114,0.6509630939160886,-0.052216369634428224,-0.012906827356506606,0.5882516841885597,0.005416920916523774,-0.00862459568957877,人称指涉与信息密度,0.5882516841885597
情态动词每千字,语法标记,0.3757881194447508,0.6242118805552492,-0.2165621446094607,-0.08386990094383154,-0.04795573012327583,0.014602500301694602,0.5651033636564697,动作过程与动词链,0.5651033636564697
结构助词的每千字,语法标记,0.42991522678563715,0.5700847732143628,-0.36553421669303005,-0.4708746330314853,0.1051778994587842,-0.028250597125285215,-0.25043273828957924,基础词汇与叙事推进,-0.4708746330314853
趋向动词每千字,记叙描写,0.46783602547897674,0.5321639745210233,0.1482957909771393,0.6605463134924936,-0.07486155167049507,0.027967371385036365,0.056004694519432414,基础词汇与叙事推进,0.6605463134924936
连续动词结构每千字,记叙描写,0.6253699205548493,0.3746300794451507,0.012308602117372282,-0.035430829244921004,-0.19811988478509182,-0.036789012998058424,0.7637788652372841,动作过程与动词链,0.7637788652372841
1级词汇占比,HSK,0.6679681060550061,0.3320318939449939,-0.35728570776326357,0.5449497309916045,0.47835029064292117,-0.043708527224281146,-0.11231822588077539,基础词汇与叙事推进,0.5449497309916045
1级词汇种类每千字,HSK,0.5186099003810728,0.4813900996189272,0.20209842258379268,0.603971596599495,0.27126829738953195,-0.19747665302613482,0.02002300707317673,基础词汇与叙事推进,0.603971596599495
1级词汇内部TTR,HSK,0.5103070449596283,0.4896929550403717,0.5962945875803474,0.16293697180461147,-0.23654737754197572,-0.24879408944680984,0.10167690118951186,词汇丰富度与词汇扩展,0.5962945875803474
2级词汇占比,HSK,0.3883508390874174,0.6116491609125826,-0.13385841830101367,0.5921474294690957,0.10401968384768494,0.0370109342755576,0.08720252763990617,基础词汇与叙事推进,0.5921474294690957
2级词汇种类每千字,HSK,0.40365640383668294,0.596343596163317,0.07814921248646879,0.5943202402032326,0.1842296589354425,-0.05936763592620709,0.08287021830708217,基础词汇与叙事推进,0.5943202402032326
4级词汇占比,HSK,0.5384514574710654,0.4615485425289346,-0.008517747635115681,-0.7302421456132824,0.03522200758269337,-0.062284989563077306,0.0023031442359411625,基础词汇与叙事推进,-0.7302421456132824
4级词汇内部TTR,HSK,0.3977889866807778,0.6022110133192222,0.5081551498572511,0.36741621470583724,-0.06209400728930823,-0.023196608949767855,-0.013375616529844423,词汇丰富度与词汇扩展,0.5081551498572511
5级词汇占比,HSK,0.58864555490528,0.41135444509471997,0.24624324139175058,-0.6866546321798133,-0.2140871670442336,-0.01868453198721096,0.10165043163490645,基础词汇与叙事推进,-0.6866546321798133
6级词汇占比,HSK,0.36498033670817115,0.6350196632918288,0.36909040294452294,-0.45672384614897515,-0.09670240303754182,0.05268003474256736,0.08960691216415634,基础词汇与叙事推进,-0.45672384614897515
中等词汇占比,HSK,0.9055256570881551,0.09447434291184487,0.23195365193480486,-0.9133729585656012,-0.09280647155375416,-0.04887277432870995,0.08044507300351113,基础词汇与叙事推进,-0.9133729585656012
高等词汇占比,HSK,0.4080023574827485,0.5919976425172515,0.37377146242422804,-0.45968657073323693,0.1590355392440998,0.15458591193956392,-0.08829723174976037,基础词汇与叙事推进,-0.45968657073323693
非HSK词汇占比,HSK,0.6737436824706468,0.32625631752935325,0.30266223563558103,0.11829858932224088,-0.7435534484045808,0.12302812375030114,0.011706728288618186,人称指涉与信息密度,-0.7435534484045808
非HSK词汇种类每千字,HSK,0.5431085910850372,0.4568914089149628,0.6439714939877802,0.150189466688774,-0.2514038021338183,0.16196275023040554,-0.1281273816262102,词汇丰富度与词汇扩展,0.6439714939877802
非HSK词汇TTR,HSK,0.5968270407215293,0.40317295927847074,0.41661842106973207,-0.051962788352985456,0.6248765110114388,-0.02274030562758635,-0.1719541365004362,人称指涉与信息密度,0.6248765110114388
非HSK专名每千字,HSK,0.581376028578043,0.41862397142195695,0.1676731030881488,0.5284238186577976,-0.37579539514152444,0.006024089979085512,-0.36437831752766864,基础词汇与叙事推进,0.5284238186577976
